序号,传输方向,时间标识,名称,帧ID(靠右对齐),帧格式,帧类型,数据长度,数据(HEX)
0,接收,13:32:29:239,,0x1826f456,数据帧,扩展帧,03,01 01 00 
1,接收,13:32:29:489,,0x1826f456,数据帧,扩展帧,03,01 01 00 
2,接收,13:32:29:739,,0x1826f456,数据帧,扩展帧,03,01 01 00 
3,接收,13:32:29:989,,0x1826f456,数据帧,扩展帧,03,01 01 00 
4,接收,13:32:30:249,,0x1826f456,数据帧,扩展帧,03,01 01 00 
5,接收,13:32:30:489,,0x1826f456,数据帧,扩展帧,03,01 01 00 
6,接收,13:32:30:749,,0x1826f456,数据帧,扩展帧,03,01 01 00 
7,接收,13:32:30:999,,0x1826f456,数据帧,扩展帧,03,01 01 00 
8,接收,13:32:31:249,,0x1826f456,数据帧,扩展帧,03,01 01 00 
9,接收,13:32:31:499,,0x1826f456,数据帧,扩展帧,03,01 01 00 
10,接收,13:32:31:749,,0x1826f456,数据帧,扩展帧,03,01 01 00 
11,接收,13:32:31:989,,0x104c19a4,数据帧,扩展帧,08,7e 0f 7e 0f 7f 0f 82 0f 
12,接收,13:32:31:999,,0x1826f456,数据帧,扩展帧,03,01 01 00 
13,接收,13:32:32:079,,0x182756f4,数据帧,扩展帧,02,82 11 
14,接收,13:32:32:249,,0x1826f456,数据帧,扩展帧,03,01 01 00 
15,接收,13:32:32:559,,0x182756f4,数据帧,扩展帧,02,82 11 
16,接收,13:32:32:799,,0x182756f4,数据帧,扩展帧,02,82 11 
17,接收,13:32:33:039,,0x182756f4,数据帧,扩展帧,02,82 11 
18,接收,13:32:33:279,,0x182756f4,数据帧,扩展帧,02,82 11 
19,接收,13:32:33:519,,0x182756f4,数据帧,扩展帧,02,82 11 
20,接收,13:32:33:789,,0x182756f4,数据帧,扩展帧,02,82 11 
21,接收,13:32:34:029,,0x182756f4,数据帧,扩展帧,02,82 11 
22,接收,13:32:34:289,,0x182756f4,数据帧,扩展帧,02,82 11 
23,接收,13:32:34:529,,0x182756f4,数据帧,扩展帧,02,82 11 
24,接收,13:32:34:769,,0x182756f4,数据帧,扩展帧,02,82 11 
25,接收,13:32:35:009,,0x182756f4,数据帧,扩展帧,02,82 11 
26,接收,13:32:35:269,,0x182756f4,数据帧,扩展帧,02,82 11 
27,接收,13:32:35:509,,0x182756f4,数据帧,扩展帧,02,82 11 
28,接收,13:32:35:769,,0x182756f4,数据帧,扩展帧,02,82 11 
29,接收,13:32:36:009,,0x182756f4,数据帧,扩展帧,02,82 11 
30,接收,13:32:36:239,,0x182756f4,数据帧,扩展帧,02,82 11 
31,接收,13:32:36:499,,0x182756f4,数据帧,扩展帧,02,82 11 
32,接收,13:32:36:739,,0x182756f4,数据帧,扩展帧,02,82 11 
33,接收,13:32:36:999,,0x182756f4,数据帧,扩展帧,02,82 11 
34,接收,13:32:37:239,,0x182756f4,数据帧,扩展帧,02,82 11 
35,接收,13:32:37:499,,0x182756f4,数据帧,扩展帧,02,82 11 
36,接收,13:32:37:719,,0x182756f4,数据帧,扩展帧,02,82 11 
37,接收,13:32:37:979,,0x182756f4,数据帧,扩展帧,02,82 11 
38,接收,13:32:38:219,,0x182756f4,数据帧,扩展帧,02,82 11 
39,接收,13:32:38:479,,0x182756f4,数据帧,扩展帧,02,82 11 
40,接收,13:32:38:730,,0x182756f4,数据帧,扩展帧,02,82 11 
41,接收,13:32:38:970,,0x182756f4,数据帧,扩展帧,02,82 11 
42,接收,13:32:39:210,,0x182756f4,数据帧,扩展帧,02,82 11 
43,接收,13:32:39:450,,0x182756f4,数据帧,扩展帧,02,82 11 
44,接收,13:32:39:710,,0x182756f4,数据帧,扩展帧,02,82 11 
45,接收,13:32:39:950,,0x182756f4,数据帧,扩展帧,02,82 11 
46,接收,13:32:40:210,,0x182756f4,数据帧,扩展帧,02,82 11 
47,接收,13:32:40:450,,0x182756f4,数据帧,扩展帧,02,82 11 
48,接收,13:32:40:690,,0x182756f4,数据帧,扩展帧,02,82 11 
49,接收,13:32:40:930,,0x182756f4,数据帧,扩展帧,02,82 11 
50,接收,13:32:41:200,,0x182756f4,数据帧,扩展帧,02,82 11 
51,接收,13:32:41:440,,0x182756f4,数据帧,扩展帧,02,82 11 
52,接收,13:32:41:700,,0x182756f4,数据帧,扩展帧,02,82 11 
53,接收,13:32:41:940,,0x182756f4,数据帧,扩展帧,02,82 11 
54,接收,13:32:42:180,,0x182756f4,数据帧,扩展帧,02,82 11 
55,接收,13:32:42:420,,0x182756f4,数据帧,扩展帧,02,82 11 
56,接收,13:32:42:560,,0x1801f456,数据帧,扩展帧,08,00 00 00 00 00 00 00 00 
57,接收,13:32:42:660,,0x182756f4,数据帧,扩展帧,02,82 11 
58,接收,13:32:42:700,,0x1cec56f4,数据帧,扩展帧,08,10 31 00 07 ff 00 02 00 
59,接收,13:32:42:710,,0x1cecf456,数据帧,扩展帧,08,11 07 01 ff ff 00 02 00 
60,接收,13:32:42:720,,0x1ceb56f4,数据帧,扩展帧,08,01 01 01 00 06 0a 04 30 
61,接收,13:32:42:740,,0x1ceb56f4,数据帧,扩展帧,08,02 0f ff ff ff ff ff ff 
62,接收,13:32:42:760,,0x1ceb56f4,数据帧,扩展帧,08,03 ff ff ff ff ff ff ff 
63,接收,13:32:42:780,,0x1ceb56f4,数据帧,扩展帧,08,04 ff ff ff 52 41 4a 41 
64,接收,13:32:42:800,,0x1ceb56f4,数据帧,扩展帧,08,05 31 23 23 23 23 23 23 
65,接收,13:32:42:810,,0x1801f456,数据帧,扩展帧,08,00 00 00 00 00 00 00 00 
66,接收,13:32:42:820,,0x1ceb56f4,数据帧,扩展帧,08,06 23 23 23 23 23 23 00 
67,接收,13:32:42:840,,0x1ceb56f4,数据帧,扩展帧,08,07 01 01 07 e0 ff ff ff 
68,接收,13:32:42:840,,0x1cecf456,数据帧,扩展帧,08,13 31 00 07 ff 00 02 00 
69,接收,13:32:43:060,,0x1801f456,数据帧,扩展帧,08,aa 00 00 00 00 00 00 00 
70,接收,13:32:43:310,,0x1801f456,数据帧,扩展帧,08,aa 00 00 00 00 00 00 00 
71,接收,13:32:43:350,,0x1cec56f4,数据帧,扩展帧,08,10 31 00 07 ff 00 02 00 
72,接收,13:32:43:350,,0x1cecf456,数据帧,扩展帧,08,11 07 01 ff ff 00 02 00 
73,接收,13:32:43:370,,0x1ceb56f4,数据帧,扩展帧,08,01 01 01 00 06 0a 04 30 
74,接收,13:32:43:380,,0x1ceb56f4,数据帧,扩展帧,08,02 0f ff ff ff ff ff ff 
75,接收,13:32:43:400,,0x1ceb56f4,数据帧,扩展帧,08,03 ff ff ff ff ff ff ff 
76,接收,13:32:43:420,,0x1ceb56f4,数据帧,扩展帧,08,04 ff ff ff 52 41 4a 41 
77,接收,13:32:43:440,,0x1ceb56f4,数据帧,扩展帧,08,05 31 23 23 23 23 23 23 
78,接收,13:32:43:460,,0x1ceb56f4,数据帧,扩展帧,08,06 23 23 23 23 23 23 00 
79,接收,13:32:43:490,,0x1ceb56f4,数据帧,扩展帧,08,07 01 01 07 e0 ff ff ff 
80,接收,13:32:43:490,,0x1cecf456,数据帧,扩展帧,08,13 31 00 07 ff 00 02 00 
81,接收,13:32:43:560,,0x1801f456,数据帧,扩展帧,08,aa 00 00 00 00 00 00 00 
82,接收,13:32:43:650,,0x1cec56f4,数据帧,扩展帧,08,10 0d 00 02 ff 00 06 00 
83,接收,13:32:43:660,,0x1cecf456,数据帧,扩展帧,08,11 02 01 ff ff 00 06 00 
84,接收,13:32:43:670,,0x1ceb56f4,数据帧,扩展帧,08,01 9f 01 96 0b 90 01 82 
85,接收,13:32:43:690,,0x1ceb56f4,数据帧,扩展帧,08,02 11 69 72 03 bd 10 ff 
86,接收,13:32:43:710,,0x1cecf456,数据帧,扩展帧,08,13 0d 00 02 ff 00 06 00 
87,接收,13:32:43:720,,0x1807f456,数据帧,扩展帧,07,00 00 00 00 00 00 00 
88,接收,13:32:43:820,,0x1801f456,数据帧,扩展帧,08,aa 00 00 00 00 00 00 00 
89,接收,13:32:43:820,,0x100af456,数据帧,扩展帧,01,aa 
90,接收,13:32:43:820,,0x1808f456,数据帧,扩展帧,08,58 1b d0 07 d8 0e 96 0f 
91,接收,13:32:44:070,,0x1808f456,数据帧,扩展帧,08,58 1b d0 07 d8 0e 96 0f 
92,接收,13:32:44:070,,0x100af456,数据帧,扩展帧,01,aa 
93,接收,13:32:44:070,,0x100956f4,数据帧,扩展帧,01,aa 
94,接收,13:32:44:210,,0x100956f4,数据帧,扩展帧,01,aa 
95,接收,13:32:44:220,,0x1807f456,数据帧,扩展帧,07,00 00 00 00 00 00 00 
96,接收,13:32:44:320,,0x100af456,数据帧,扩展帧,01,00 
97,接收,13:32:44:450,,0x181056f4,数据帧,扩展帧,05,c6 11 98 0d 02 
98,接收,13:32:44:470,,0x1cec56f4,数据帧,扩展帧,08,10 09 00 02 ff 00 11 00 
99,接收,13:32:44:470,,0x1cecf456,数据帧,扩展帧,08,11 02 01 ff ff 00 11 00 
100,接收,13:32:44:490,,0x1ceb56f4,数据帧,扩展帧,08,01 bd 10 a0 0f 8d d1 58 
101,接收,13:32:44:510,,0x1ceb56f4,数据帧,扩展帧,08,02 58 02 ff ff ff ff ff 
102,接收,13:32:44:520,,0x1cecf456,数据帧,扩展帧,08,13 09 00 02 ff 00 11 00 
103,接收,13:32:44:530,,0x181056f4,数据帧,扩展帧,05,c6 11 98 0d 02 
104,接收,13:32:44:540,,0x1812f456,数据帧,扩展帧,07,bc 11 a0 0f 00 00 fc 
105,接收,13:32:44:550,,0x181356f4,数据帧,扩展帧,07,5d 54 0d 53 00 00 10 
106,接收,13:32:44:570,,0x100af456,数据帧,扩展帧,01,00 
107,接收,13:32:44:590,,0x1812f456,数据帧,扩展帧,07,bc 11 a0 0f 00 00 fc 
108,接收,13:32:44:610,,0x181056f4,数据帧,扩展帧,05,c6 11 98 0d 02 
109,接收,13:32:44:630,,0x1cec56f4,数据帧,扩展帧,08,10 09 00 02 ff 00 11 00 
110,接收,13:32:44:640,,0x1cecf456,数据帧,扩展帧,08,11 02 01 ff ff 00 11 00 
111,接收,13:32:44:650,,0x1ceb56f4,数据帧,扩展帧,08,01 bd 10 a0 0f 8d d1 58 
112,接收,13:32:44:670,,0x1ceb56f4,数据帧,扩展帧,08,02 58 02 ff ff ff ff ff 
113,接收,13:32:44:680,,0x1cecf456,数据帧,扩展帧,08,13 09 00 02 ff 00 11 00 
114,接收,13:32:44:680,,0x1812f456,数据帧,扩展帧,07,bc 11 a0 0f 00 00 fc 
115,接收,13:32:44:690,,0x181056f4,数据帧,扩展帧,05,c6 11 98 0d 02 
116,接收,13:32:44:710,,0x181356f4,数据帧,扩展帧,07,5d 54 0d 53 00 00 10 
117,接收,13:32:44:770,,0x181056f4,数据帧,扩展帧,05,c6 11 98 0d 02 
118,接收,13:32:44:790,,0x1cec56f4,数据帧,扩展帧,08,10 09 00 02 ff 00 11 00 
119,接收,13:32:44:790,,0x1cecf456,数据帧,扩展帧,08,11 02 01 ff ff 00 11 00 
120,接收,13:32:44:810,,0x1ceb56f4,数据帧,扩展帧,08,01 bd 10 a0 0f 8d d1 58 
121,接收,13:32:44:830,,0x1ceb56f4,数据帧,扩展帧,08,02 58 02 ff ff ff ff ff 
122,接收,13:32:44:830,,0x1cecf456,数据帧,扩展帧,08,13 09 00 02 ff 00 11 00 
123,接收,13:32:44:850,,0x181056f4,数据帧,扩展帧,05,c6 11 98 0d 02 
124,接收,13:32:44:870,,0x181356f4,数据帧,扩展帧,07,5d 54 0d 53 00 00 10 
125,接收,13:32:44:870,,0x1812f456,数据帧,扩展帧,07,bc 11 a0 0f 00 00 fc 
126,接收,13:32:44:950,,0x181056f4,数据帧,扩展帧,05,c6 11 98 0d 02 
127,接收,13:32:44:970,,0x1cec56f4,数据帧,扩展帧,08,10 09 00 02 ff 00 11 00 
128,接收,13:32:44:990,,0x1cecf456,数据帧,扩展帧,08,11 02 01 ff ff 00 11 00 
129,接收,13:32:44:990,,0x1ceb56f4,数据帧,扩展帧,08,01 bd 10 a0 0f 8d d1 58 
130,接收,13:32:45:010,,0x1ceb56f4,数据帧,扩展帧,08,02 58 02 ff ff ff ff ff 
131,接收,13:32:45:020,,0x1cecf456,数据帧,扩展帧,08,13 09 00 02 ff 00 11 00 
132,接收,13:32:45:030,,0x181056f4,数据帧,扩展帧,05,c6 11 98 0d 02 
133,接收,13:32:45:050,,0x181356f4,数据帧,扩展帧,07,5d 54 0d 53 00 00 10 
134,接收,13:32:45:060,,0x1812f456,数据帧,扩展帧,07,03 00 a0 0f 00 00 fc 
135,接收,13:32:45:110,,0x181056f4,数据帧,扩展帧,05,c6 11 98 0d 02 
136,接收,13:32:45:130,,0x1cec56f4,数据帧,扩展帧,08,10 09 00 02 ff 00 11 00 
137,接收,13:32:45:140,,0x1cecf456,数据帧,扩展帧,08,11 02 01 ff ff 00 11 00 
138,接收,13:32:45:150,,0x1ceb56f4,数据帧,扩展帧,08,01 bd 10 a0 0f 8d d1 58 
139,接收,13:32:45:170,,0x1ceb56f4,数据帧,扩展帧,08,02 58 02 ff ff ff ff ff 
140,接收,13:32:45:180,,0x1cecf456,数据帧,扩展帧,08,13 09 00 02 ff 00 11 00 
141,接收,13:32:45:190,,0x181056f4,数据帧,扩展帧,05,c6 11 98 0d 02 
142,接收,13:32:45:200,,0x1812f456,数据帧,扩展帧,07,03 00 a0 0f 00 00 fc 
143,接收,13:32:45:210,,0x181356f4,数据帧,扩展帧,07,5d 54 0d 53 00 00 10 
144,接收,13:32:45:270,,0x181056f4,数据帧,扩展帧,05,c6 11 98 0d 02 
145,接收,13:32:45:290,,0x1cec56f4,数据帧,扩展帧,08,10 09 00 02 ff 00 11 00 
146,接收,13:32:45:300,,0x1cecf456,数据帧,扩展帧,08,11 02 01 ff ff 00 11 00 
147,接收,13:32:45:310,,0x1ceb56f4,数据帧,扩展帧,08,01 bd 10 a0 0f 8d d1 58 
148,接收,13:32:45:330,,0x1ceb56f4,数据帧,扩展帧,08,02 58 02 ff ff ff ff ff 
149,接收,13:32:45:340,,0x1cecf456,数据帧,扩展帧,08,13 09 00 02 ff 00 11 00 
150,接收,13:32:45:350,,0x1812f456,数据帧,扩展帧,07,03 00 a0 0f 00 00 fc 
151,接收,13:32:45:350,,0x181056f4,数据帧,扩展帧,05,c6 11 98 0d 02 
152,接收,13:32:45:370,,0x181356f4,数据帧,扩展帧,07,5d 54 0d 53 00 00 10 
153,接收,13:32:45:430,,0x181056f4,数据帧,扩展帧,05,c6 11 98 0d 02 
154,接收,13:32:45:450,,0x1cec56f4,数据帧,扩展帧,08,10 09 00 02 ff 00 11 00 
155,接收,13:32:45:460,,0x1cecf456,数据帧,扩展帧,08,11 02 01 ff ff 00 11 00 
156,接收,13:32:45:470,,0x1ceb56f4,数据帧,扩展帧,08,01 bd 10 a0 0f 8d d1 58 
157,接收,13:32:45:490,,0x1ceb56f4,数据帧,扩展帧,08,02 58 02 ff ff ff ff ff 
158,接收,13:32:45:500,,0x1cecf456,数据帧,扩展帧,08,13 09 00 02 ff 00 11 00 
159,接收,13:32:45:510,,0x181056f4,数据帧,扩展帧,05,c6 11 98 0d 02 
160,接收,13:32:45:530,,0x181356f4,数据帧,扩展帧,07,5d 54 0d 53 00 00 10 
161,接收,13:32:45:530,,0x1812f456,数据帧,扩展帧,07,03 00 a0 0f 00 00 fc 
162,接收,13:32:45:610,,0x181056f4,数据帧,扩展帧,05,c6 11 98 0d 02 
163,接收,13:32:45:630,,0x1cec56f4,数据帧,扩展帧,08,10 09 00 02 ff 00 11 00 
164,接收,13:32:45:640,,0x1cecf456,数据帧,扩展帧,08,11 02 01 ff ff 00 11 00 
165,接收,13:32:45:660,,0x1ceb56f4,数据帧,扩展帧,08,01 bd 10 a0 0f 8d d1 58 
166,接收,13:32:45:670,,0x1ceb56f4,数据帧,扩展帧,08,02 58 02 ff ff ff ff ff 
167,接收,13:32:45:680,,0x1cecf456,数据帧,扩展帧,08,13 09 00 02 ff 00 11 00 
168,接收,13:32:45:690,,0x181056f4,数据帧,扩展帧,05,c6 11 98 0d 02 
169,接收,13:32:45:720,,0x181356f4,数据帧,扩展帧,07,5d 54 0d 53 00 00 10 
170,接收,13:32:45:720,,0x1812f456,数据帧,扩展帧,07,03 00 a0 0f 00 00 fc 
171,接收,13:32:45:750,,0x181056f4,数据帧,扩展帧,05,c6 11 98 0d 02 
172,接收,13:32:45:780,,0x1cec56f4,数据帧,扩展帧,08,10 09 00 02 ff 00 11 00 
173,接收,13:32:45:780,,0x1cecf456,数据帧,扩展帧,08,11 02 01 ff ff 00 11 00 
174,接收,13:32:45:790,,0x1ceb56f4,数据帧,扩展帧,08,01 bd 10 a0 0f 8d d1 58 
175,接收,13:32:45:820,,0x1ceb56f4,数据帧,扩展帧,08,02 58 02 ff ff ff ff ff 
176,接收,13:32:45:830,,0x1cecf456,数据帧,扩展帧,08,13 09 00 02 ff 00 11 00 
177,接收,13:32:45:830,,0x181056f4,数据帧,扩展帧,05,c6 11 98 0d 02 
178,接收,13:32:45:860,,0x181356f4,数据帧,扩展帧,07,5d 54 0d 53 00 00 10 
179,接收,13:32:45:870,,0x1812f456,数据帧,扩展帧,07,03 00 a0 0f 00 00 fc 
180,接收,13:32:45:930,,0x181056f4,数据帧,扩展帧,05,c6 11 98 0d 02 
181,接收,13:32:45:960,,0x1cec56f4,数据帧,扩展帧,08,10 09 00 02 ff 00 11 00 
182,接收,13:32:45:960,,0x1cecf456,数据帧,扩展帧,08,11 02 01 ff ff 00 11 00 
183,接收,13:32:45:970,,0x1ceb56f4,数据帧,扩展帧,08,01 bd 10 a0 0f 8d d1 58 
184,接收,13:32:45:990,,0x1ceb56f4,数据帧,扩展帧,08,02 58 02 ff ff ff ff ff 
185,接收,13:32:46:000,,0x1cecf456,数据帧,扩展帧,08,13 09 00 02 ff 00 11 00 
186,接收,13:32:46:000,,0x1812f456,数据帧,扩展帧,07,03 00 a0 0f 00 00 fc 
187,接收,13:32:46:010,,0x181056f4,数据帧,扩展帧,05,c6 11 98 0d 02 
188,接收,13:32:46:040,,0x181356f4,数据帧,扩展帧,07,5d 54 0d 53 00 00 10 
189,接收,13:32:46:100,,0x181056f4,数据帧,扩展帧,05,c6 11 98 0d 02 
190,接收,13:32:46:120,,0x1cec56f4,数据帧,扩展帧,08,10 09 00 02 ff 00 11 00 
191,接收,13:32:46:130,,0x1cecf456,数据帧,扩展帧,08,11 02 01 ff ff 00 11 00 
192,接收,13:32:46:140,,0x1ceb56f4,数据帧,扩展帧,08,01 bd 10 a0 0f 8d d1 58 
193,接收,13:32:46:160,,0x1ceb56f4,数据帧,扩展帧,08,02 58 02 ff ff ff ff ff 
194,接收,13:32:46:160,,0x1cecf456,数据帧,扩展帧,08,13 09 00 02 ff 00 11 00 
195,接收,13:32:46:180,,0x181056f4,数据帧,扩展帧,05,c6 11 98 0d 02 
196,接收,13:32:46:190,,0x1812f456,数据帧,扩展帧,07,03 00 a0 0f 00 00 fc 
197,接收,13:32:46:200,,0x181356f4,数据帧,扩展帧,07,5d 54 0d 53 00 00 10 
198,接收,13:32:46:260,,0x181056f4,数据帧,扩展帧,05,c6 11 98 0d 02 
199,接收,13:32:46:280,,0x1cec56f4,数据帧,扩展帧,08,10 09 00 02 ff 00 11 00 
200,接收,13:32:46:280,,0x1cecf456,数据帧,扩展帧,08,11 02 01 ff ff 00 11 00 
201,接收,13:32:46:300,,0x1ceb56f4,数据帧,扩展帧,08,01 bd 10 a0 0f 8d d1 58 
202,接收,13:32:46:320,,0x1ceb56f4,数据帧,扩展帧,08,02 58 02 ff ff ff ff ff 
203,接收,13:32:46:320,,0x1cecf456,数据帧,扩展帧,08,13 09 00 02 ff 00 11 00 
204,接收,13:32:46:340,,0x181056f4,数据帧,扩展帧,05,c6 11 98 0d 02 
205,接收,13:32:46:340,,0x1812f456,数据帧,扩展帧,07,03 00 a0 0f 00 00 fc 
206,接收,13:32:46:360,,0x181356f4,数据帧,扩展帧,07,5d 54 0d 53 00 00 10 
207,接收,13:32:46:440,,0x181056f4,数据帧,扩展帧,05,c6 11 98 0d 02 
208,接收,13:32:46:460,,0x1cec56f4,数据帧,扩展帧,08,10 09 00 02 ff 00 11 00 
209,接收,13:32:46:470,,0x1cecf456,数据帧,扩展帧,08,11 02 01 ff ff 00 11 00 
210,接收,13:32:46:480,,0x1ceb56f4,数据帧,扩展帧,08,01 bd 10 a0 0f 8d d1 58 
211,接收,13:32:46:500,,0x1ceb56f4,数据帧,扩展帧,08,02 58 02 ff ff ff ff ff 
212,接收,13:32:46:510,,0x1cecf456,数据帧,扩展帧,08,13 09 00 02 ff 00 11 00 
213,接收,13:32:46:520,,0x181056f4,数据帧,扩展帧,05,c6 11 98 0d 02 
214,接收,13:32:46:520,,0x1812f456,数据帧,扩展帧,07,03 00 a0 0f 00 00 fc 
215,接收,13:32:46:540,,0x181356f4,数据帧,扩展帧,07,5d 54 0d 53 00 00 10 
216,接收,13:32:46:580,,0x181056f4,数据帧,扩展帧,05,c6 11 98 0d 02 
217,接收,13:32:46:600,,0x1cec56f4,数据帧,扩展帧,08,10 09 00 02 ff 00 11 00 
218,接收,13:32:46:610,,0x1cecf456,数据帧,扩展帧,08,11 02 01 ff ff 00 11 00 
219,接收,13:32:46:620,,0x1ceb56f4,数据帧,扩展帧,08,01 bd 10 a0 0f 8d d1 58 
220,接收,13:32:46:640,,0x1ceb56f4,数据帧,扩展帧,08,02 58 02 ff ff ff ff ff 
221,接收,13:32:46:640,,0x1cecf456,数据帧,扩展帧,08,13 09 00 02 ff 00 11 00 
222,接收,13:32:46:660,,0x181056f4,数据帧,扩展帧,05,c6 11 98 0d 02 
223,接收,13:32:46:660,,0x1812f456,数据帧,扩展帧,07,03 00 a0 0f 00 00 fc 
224,接收,13:32:46:680,,0x181356f4,数据帧,扩展帧,07,5d 54 0d 53 00 00 10 
225,接收,13:32:46:760,,0x181056f4,数据帧,扩展帧,05,c6 11 98 0d 02 
226,接收,13:32:46:780,,0x1cec56f4,数据帧,扩展帧,08,10 09 00 02 ff 00 11 00 
227,接收,13:32:46:780,,0x1cecf456,数据帧,扩展帧,08,11 02 01 ff ff 00 11 00 
228,接收,13:32:46:800,,0x1ceb56f4,数据帧,扩展帧,08,01 bd 10 a0 0f 8d d1 58 
229,接收,13:32:46:820,,0x1ceb56f4,数据帧,扩展帧,08,02 58 02 ff ff ff ff ff 
230,接收,13:32:46:820,,0x1cecf456,数据帧,扩展帧,08,13 09 00 02 ff 00 11 00 
231,接收,13:32:46:840,,0x181056f4,数据帧,扩展帧,05,c6 11 98 0d 02 
232,接收,13:32:46:860,,0x1812f456,数据帧,扩展帧,07,03 00 a0 0f 00 00 fc 
233,接收,13:32:46:860,,0x181356f4,数据帧,扩展帧,07,5d 54 0d 53 00 00 10 
234,接收,13:32:46:920,,0x181056f4,数据帧,扩展帧,05,c6 11 98 0d 02 
235,接收,13:32:46:940,,0x1cec56f4,数据帧,扩展帧,08,10 09 00 02 ff 00 11 00 
236,接收,13:32:46:950,,0x1cecf456,数据帧,扩展帧,08,11 02 01 ff ff 00 11 00 
237,接收,13:32:46:960,,0x1ceb56f4,数据帧,扩展帧,08,01 bd 10 a0 0f 8d d1 58 
238,接收,13:32:46:980,,0x1ceb56f4,数据帧,扩展帧,08,02 58 02 ff ff ff ff ff 
239,接收,13:32:46:980,,0x1cecf456,数据帧,扩展帧,08,13 09 00 02 ff 00 11 00 
240,接收,13:32:47:000,,0x1812f456,数据帧,扩展帧,07,04 00 a0 0f 00 00 fc 
241,接收,13:32:47:000,,0x181056f4,数据帧,扩展帧,05,c6 11 98 0d 02 
242,接收,13:32:47:020,,0x181356f4,数据帧,扩展帧,07,5d 54 0d 53 00 00 10 
243,接收,13:32:47:080,,0x181056f4,数据帧,扩展帧,05,c6 11 98 0d 02 
244,接收,13:32:47:100,,0x1cec56f4,数据帧,扩展帧,08,10 09 00 02 ff 00 11 00 
245,接收,13:32:47:100,,0x1cecf456,数据帧,扩展帧,08,11 02 01 ff ff 00 11 00 
246,接收,13:32:47:120,,0x1ceb56f4,数据帧,扩展帧,08,01 bd 10 a0 0f 8d d1 58 
247,接收,13:32:47:140,,0x1ceb56f4,数据帧,扩展帧,08,02 58 02 ff ff ff ff ff 
248,接收,13:32:47:150,,0x1cecf456,数据帧,扩展帧,08,13 09 00 02 ff 00 11 00 
249,接收,13:32:47:160,,0x181056f4,数据帧,扩展帧,05,c6 11 98 0d 02 
250,接收,13:32:47:180,,0x181356f4,数据帧,扩展帧,07,5d 54 0d 53 00 00 10 
251,接收,13:32:47:190,,0x1812f456,数据帧,扩展帧,07,04 00 a0 0f 00 00 fc 
252,接收,13:32:47:240,,0x181056f4,数据帧,扩展帧,05,c6 11 98 0d 02 
253,接收,13:32:47:260,,0x1cec56f4,数据帧,扩展帧,08,10 09 00 02 ff 00 11 00 
254,接收,13:32:47:270,,0x1cecf456,数据帧,扩展帧,08,11 02 01 ff ff 00 11 00 
255,接收,13:32:47:280,,0x1ceb56f4,数据帧,扩展帧,08,01 bd 10 a0 0f 8d d1 58 
256,接收,13:32:47:300,,0x1ceb56f4,数据帧,扩展帧,08,02 58 02 ff ff ff ff ff 
257,接收,13:32:47:310,,0x1cecf456,数据帧,扩展帧,08,13 09 00 02 ff 00 11 00 
258,接收,13:32:47:320,,0x181056f4,数据帧,扩展帧,05,c6 11 98 0d 02 
259,接收,13:32:47:330,,0x1812f456,数据帧,扩展帧,07,04 00 a0 0f 00 00 fc 
260,接收,13:32:47:340,,0x181356f4,数据帧,扩展帧,07,5d 54 0d 53 00 00 10 
261,接收,13:32:47:420,,0x181056f4,数据帧,扩展帧,05,c6 11 98 0d 02 
262,接收,13:32:47:440,,0x1cec56f4,数据帧,扩展帧,08,10 09 00 02 ff 00 11 00 
263,接收,13:32:47:440,,0x1cecf456,数据帧,扩展帧,08,11 02 01 ff ff 00 11 00 
264,接收,13:32:47:460,,0x1ceb56f4,数据帧,扩展帧,08,01 bd 10 a0 0f 8d d1 58 
265,接收,13:32:47:480,,0x1ceb56f4,数据帧,扩展帧,08,02 58 02 ff ff ff ff ff 
266,接收,13:32:47:480,,0x1cecf456,数据帧,扩展帧,08,13 09 00 02 ff 00 11 00 
267,接收,13:32:47:500,,0x181056f4,数据帧,扩展帧,05,c6 11 98 0d 02 
268,接收,13:32:47:520,,0x1812f456,数据帧,扩展帧,07,04 00 a0 0f 00 00 fc 
269,接收,13:32:47:520,,0x181356f4,数据帧,扩展帧,07,5d 54 0d 53 00 00 10 
270,接收,13:32:47:560,,0x181056f4,数据帧,扩展帧,05,c6 11 98 0d 02 
271,接收,13:32:47:580,,0x1cec56f4,数据帧,扩展帧,08,10 09 00 02 ff 00 11 00 
272,接收,13:32:47:590,,0x1cecf456,数据帧,扩展帧,08,11 02 01 ff ff 00 11 00 
273,接收,13:32:47:600,,0x1ceb56f4,数据帧,扩展帧,08,01 bd 10 a0 0f 8d d1 58 
274,接收,13:32:47:620,,0x1ceb56f4,数据帧,扩展帧,08,02 58 02 ff ff ff ff ff 
275,接收,13:32:47:630,,0x1cecf456,数据帧,扩展帧,08,13 09 00 02 ff 00 11 00 
276,接收,13:32:47:640,,0x181056f4,数据帧,扩展帧,05,c6 11 98 0d 02 
277,接收,13:32:47:660,,0x1812f456,数据帧,扩展帧,07,04 00 a0 0f 00 00 fc 
278,接收,13:32:47:660,,0x181356f4,数据帧,扩展帧,07,5d 54 0d 53 00 00 10 
279,接收,13:32:47:740,,0x181056f4,数据帧,扩展帧,05,c6 11 98 0d 02 
280,接收,13:32:47:760,,0x1cec56f4,数据帧,扩展帧,08,10 09 00 02 ff 00 11 00 
281,接收,13:32:47:780,,0x1ceb56f4,数据帧,扩展帧,08,01 bd 10 a0 0f 8d d1 58 
282,接收,13:32:47:790,,0x1cecf456,数据帧,扩展帧,08,11 02 01 ff ff 00 11 00 
283,接收,13:32:47:800,,0x1ceb56f4,数据帧,扩展帧,08,02 58 02 ff ff ff ff ff 
284,接收,13:32:47:810,,0x1cecf456,数据帧,扩展帧,08,13 09 00 02 ff 00 11 00 
285,接收,13:32:47:820,,0x181056f4,数据帧,扩展帧,05,c6 11 98 0d 02 
286,接收,13:32:47:840,,0x181356f4,数据帧,扩展帧,07,5d 54 0d 53 00 00 10 
287,接收,13:32:47:850,,0x1812f456,数据帧,扩展帧,07,04 00 a0 0f 00 00 fc 
288,接收,13:32:47:900,,0x181056f4,数据帧,扩展帧,05,c6 11 98 0d 02 
289,接收,13:32:47:920,,0x1cec56f4,数据帧,扩展帧,08,10 09 00 02 ff 00 11 00 
290,接收,13:32:47:940,,0x1cecf456,数据帧,扩展帧,08,11 02 01 ff ff 00 11 00 
291,接收,13:32:47:940,,0x1ceb56f4,数据帧,扩展帧,08,01 bd 10 a0 0f 8d d1 58 
292,接收,13:32:47:960,,0x1ceb56f4,数据帧,扩展帧,08,02 58 02 ff ff ff ff ff 
293,接收,13:32:47:960,,0x1cecf456,数据帧,扩展帧,08,13 09 00 02 ff 00 11 00 
294,接收,13:32:47:980,,0x181056f4,数据帧,扩展帧,05,c6 11 98 0d 02 
295,接收,13:32:47:990,,0x1812f456,数据帧,扩展帧,07,04 00 a0 0f 00 00 fc 
296,接收,13:32:48:000,,0x181356f4,数据帧,扩展帧,07,5d 54 0d 53 00 00 10 
297,接收,13:32:48:060,,0x181056f4,数据帧,扩展帧,05,c6 11 98 0d 02 
298,接收,13:32:48:080,,0x1cec56f4,数据帧,扩展帧,08,10 09 00 02 ff 00 11 00 
299,接收,13:32:48:090,,0x1cecf456,数据帧,扩展帧,08,11 02 01 ff ff 00 11 00 
300,接收,13:32:48:100,,0x1ceb56f4,数据帧,扩展帧,08,01 bd 10 a0 0f 8d d1 58 
301,接收,13:32:48:120,,0x1ceb56f4,数据帧,扩展帧,08,02 58 02 ff ff ff ff ff 
302,接收,13:32:48:130,,0x1cecf456,数据帧,扩展帧,08,13 09 00 02 ff 00 11 00 
303,接收,13:32:48:140,,0x181056f4,数据帧,扩展帧,05,c6 11 98 0d 02 
304,接收,13:32:48:170,,0x181356f4,数据帧,扩展帧,07,5d 54 0d 53 00 00 10 
305,接收,13:32:48:180,,0x1812f456,数据帧,扩展帧,07,04 00 a0 0f 00 00 fc 
306,接收,13:32:48:240,,0x181056f4,数据帧,扩展帧,05,c6 11 98 0d 02 
307,接收,13:32:48:270,,0x1cec56f4,数据帧,扩展帧,08,10 09 00 02 ff 00 11 00 
308,接收,13:32:48:270,,0x1cecf456,数据帧,扩展帧,08,11 02 01 ff ff 00 11 00 
309,接收,13:32:48:280,,0x1ceb56f4,数据帧,扩展帧,08,01 bd 10 a0 0f 8d d1 58 
310,接收,13:32:48:300,,0x1ceb56f4,数据帧,扩展帧,08,02 58 02 ff ff ff ff ff 
311,接收,13:32:48:310,,0x1cecf456,数据帧,扩展帧,08,13 09 00 02 ff 00 11 00 
312,接收,13:32:48:320,,0x1812f456,数据帧,扩展帧,07,04 00 a0 0f 00 00 fc 
313,接收,13:32:48:320,,0x181056f4,数据帧,扩展帧,05,c6 11 98 0d 02 
314,接收,13:32:48:350,,0x181356f4,数据帧,扩展帧,07,5d 54 0d 53 00 00 10 
315,接收,13:32:48:380,,0x181056f4,数据帧,扩展帧,05,c6 11 98 0d 02 
316,接收,13:32:48:420,,0x1cec56f4,数据帧,扩展帧,08,10 09 00 02 ff 00 11 00 
317,接收,13:32:48:430,,0x1cecf456,数据帧,扩展帧,08,11 02 01 ff ff 00 11 00 
318,接收,13:32:48:440,,0x1ceb56f4,数据帧,扩展帧,08,01 bd 10 a0 0f 8d d1 58 
319,接收,13:32:48:460,,0x1ceb56f4,数据帧,扩展帧,08,02 58 02 ff ff ff ff ff 
320,接收,13:32:48:470,,0x1cecf456,数据帧,扩展帧,08,13 09 00 02 ff 00 11 00 
321,接收,13:32:48:490,,0x181056f4,数据帧,扩展帧,05,c6 11 98 0d 02 
322,接收,13:32:48:500,,0x1812f456,数据帧,扩展帧,07,04 00 a0 0f 00 00 fc 
323,接收,13:32:48:510,,0x181356f4,数据帧,扩展帧,07,5d 54 0d 53 00 00 10 
324,接收,13:32:48:570,,0x181056f4,数据帧,扩展帧,05,c6 11 98 0d 02 
325,接收,13:32:48:590,,0x1cec56f4,数据帧,扩展帧,08,10 09 00 02 ff 00 11 00 
326,接收,13:32:48:590,,0x1cecf456,数据帧,扩展帧,08,11 02 01 ff ff 00 11 00 
327,接收,13:32:48:610,,0x1ceb56f4,数据帧,扩展帧,08,01 bd 10 a0 0f 8d d1 58 
328,接收,13:32:48:630,,0x1ceb56f4,数据帧,扩展帧,08,02 58 02 ff ff ff ff ff 
329,接收,13:32:48:630,,0x1cecf456,数据帧,扩展帧,08,13 09 00 02 ff 00 11 00 
330,接收,13:32:48:650,,0x1812f456,数据帧,扩展帧,07,04 00 a0 0f 00 00 fc 
331,接收,13:32:48:650,,0x181056f4,数据帧,扩展帧,05,c6 11 98 0d 02 
332,接收,13:32:48:670,,0x181356f4,数据帧,扩展帧,07,5d 54 0d 53 00 00 10 
333,接收,13:32:48:730,,0x181056f4,数据帧,扩展帧,05,c6 11 98 0d 02 
334,接收,13:32:48:750,,0x1cec56f4,数据帧,扩展帧,08,10 09 00 02 ff 00 11 00 
335,接收,13:32:48:760,,0x1cecf456,数据帧,扩展帧,08,11 02 01 ff ff 00 11 00 
336,接收,13:32:48:770,,0x1ceb56f4,数据帧,扩展帧,08,01 bd 10 a0 0f 8d d1 58 
337,接收,13:32:48:790,,0x1ceb56f4,数据帧,扩展帧,08,02 58 02 ff ff ff ff ff 
338,接收,13:32:48:800,,0x1cecf456,数据帧,扩展帧,08,13 09 00 02 ff 00 11 00 
339,接收,13:32:48:810,,0x181056f4,数据帧,扩展帧,05,c6 11 98 0d 02 
340,接收,13:32:48:810,,0x1812f456,数据帧,扩展帧,07,04 00 a0 0f 00 00 fc 
341,接收,13:32:48:830,,0x181356f4,数据帧,扩展帧,07,5d 54 0d 53 00 00 10 
342,接收,13:32:48:890,,0x181056f4,数据帧,扩展帧,05,c6 11 98 0d 02 
343,接收,13:32:48:910,,0x1cec56f4,数据帧,扩展帧,08,10 09 00 02 ff 00 11 00 
344,接收,13:32:48:920,,0x1cecf456,数据帧,扩展帧,08,11 02 01 ff ff 00 11 00 
345,接收,13:32:48:930,,0x1ceb56f4,数据帧,扩展帧,08,01 bd 10 a0 0f 8d d1 58 
346,接收,13:32:48:950,,0x1ceb56f4,数据帧,扩展帧,08,02 58 02 ff ff ff ff ff 
347,接收,13:32:48:960,,0x1cecf456,数据帧,扩展帧,08,13 09 00 02 ff 00 11 00 
348,接收,13:32:48:970,,0x181056f4,数据帧,扩展帧,05,c6 11 98 0d 02 
349,接收,13:32:48:980,,0x1812f456,数据帧,扩展帧,07,04 00 a0 0f 00 00 fc 
350,接收,13:32:48:990,,0x181356f4,数据帧,扩展帧,07,5d 54 0d 53 00 00 10 
351,接收,13:32:49:070,,0x181056f4,数据帧,扩展帧,05,c6 11 98 0d 02 
352,接收,13:32:49:090,,0x1cec56f4,数据帧,扩展帧,08,10 09 00 02 ff 00 11 00 
353,接收,13:32:49:090,,0x1cecf456,数据帧,扩展帧,08,11 02 01 ff ff 00 11 00 
354,接收,13:32:49:110,,0x1ceb56f4,数据帧,扩展帧,08,01 bd 10 a0 0f 8d d1 58 
355,接收,13:32:49:130,,0x1ceb56f4,数据帧,扩展帧,08,02 58 02 ff ff ff ff ff 
356,接收,13:32:49:130,,0x1cecf456,数据帧,扩展帧,08,13 09 00 02 ff 00 11 00 
357,接收,13:32:49:150,,0x181056f4,数据帧,扩展帧,05,c6 11 98 0d 02 
358,接收,13:32:49:170,,0x1812f456,数据帧,扩展帧,07,12 01 a0 0f 00 00 fc 
359,接收,13:32:49:170,,0x181356f4,数据帧,扩展帧,07,5d 54 0d 53 00 00 10 
360,接收,13:32:49:230,,0x181056f4,数据帧,扩展帧,05,c6 11 98 0d 02 
361,接收,13:32:49:250,,0x1cec56f4,数据帧,扩展帧,08,10 09 00 02 ff 00 11 00 
362,接收,13:32:49:250,,0x1cecf456,数据帧,扩展帧,08,11 02 01 ff ff 00 11 00 
363,接收,13:32:49:270,,0x1ceb56f4,数据帧,扩展帧,08,01 bd 10 a0 0f 8d d1 58 
364,接收,13:32:49:290,,0x1ceb56f4,数据帧,扩展帧,08,02 58 02 ff ff ff ff ff 
365,接收,13:32:49:290,,0x1cecf456,数据帧,扩展帧,08,13 09 00 02 ff 00 11 00 
366,接收,13:32:49:310,,0x181056f4,数据帧,扩展帧,05,c6 11 98 0d 02 
367,接收,13:32:49:320,,0x1812f456,数据帧,扩展帧,07,12 01 a0 0f 00 00 fc 
368,接收,13:32:49:330,,0x181356f4,数据帧,扩展帧,07,5d 54 0d 53 00 00 10 
369,接收,13:32:49:390,,0x181056f4,数据帧,扩展帧,05,c6 11 98 0d 02 
370,接收,13:32:49:410,,0x1cec56f4,数据帧,扩展帧,08,10 09 00 02 ff 00 11 00 
371,接收,13:32:49:410,,0x1cecf456,数据帧,扩展帧,08,11 02 01 ff ff 00 11 00 
372,接收,13:32:49:430,,0x1ceb56f4,数据帧,扩展帧,08,01 bd 10 a0 0f 8d d1 58 
373,接收,13:32:49:450,,0x1ceb56f4,数据帧,扩展帧,08,02 58 02 ff ff ff ff ff 
374,接收,13:32:49:450,,0x1cecf456,数据帧,扩展帧,08,13 09 00 02 ff 00 11 00 
375,接收,13:32:49:470,,0x181056f4,数据帧,扩展帧,05,c6 11 98 0d 02 
376,接收,13:32:49:490,,0x181356f4,数据帧,扩展帧,07,5d 54 0d 53 00 00 10 
377,接收,13:32:49:500,,0x1812f456,数据帧,扩展帧,07,12 01 a0 0f 00 00 fc 
378,接收,13:32:49:550,,0x181056f4,数据帧,扩展帧,05,c6 11 98 0d 02 
379,接收,13:32:49:570,,0x1cec56f4,数据帧,扩展帧,08,10 09 00 02 ff 00 11 00 
380,接收,13:32:49:570,,0x1cecf456,数据帧,扩展帧,08,11 02 01 ff ff 00 11 00 
381,接收,13:32:49:590,,0x1ceb56f4,数据帧,扩展帧,08,01 bd 10 a0 0f 8d d1 58 
382,接收,13:32:49:610,,0x1ceb56f4,数据帧,扩展帧,08,02 58 02 ff ff ff ff ff 
383,接收,13:32:49:620,,0x1cecf456,数据帧,扩展帧,08,13 09 00 02 ff 00 11 00 
384,接收,13:32:49:630,,0x181056f4,数据帧,扩展帧,05,c6 11 98 0d 02 
385,接收,13:32:49:640,,0x1812f456,数据帧,扩展帧,07,12 01 a0 0f 00 00 fc 
386,接收,13:32:49:650,,0x181356f4,数据帧,扩展帧,07,5d 54 0d 53 00 00 10 
387,接收,13:32:49:730,,0x181056f4,数据帧,扩展帧,05,c6 11 98 0d 02 
388,接收,13:32:49:750,,0x1cec56f4,数据帧,扩展帧,08,10 09 00 02 ff 00 11 00 
389,接收,13:32:49:760,,0x1cecf456,数据帧,扩展帧,08,11 02 01 ff ff 00 11 00 
390,接收,13:32:49:770,,0x1ceb56f4,数据帧,扩展帧,08,01 bd 10 a0 0f 8d d1 58 
391,接收,13:32:49:790,,0x1ceb56f4,数据帧,扩展帧,08,02 58 02 ff ff ff ff ff 
392,接收,13:32:49:810,,0x181056f4,数据帧,扩展帧,05,c6 11 98 0d 02 
393,接收,13:32:49:820,,0x1cecf456,数据帧,扩展帧,08,13 09 00 02 ff 00 11 00 
394,接收,13:32:49:830,,0x1812f456,数据帧,扩展帧,07,12 01 a0 0f 00 00 fc 
395,接收,13:32:49:830,,0x181356f4,数据帧,扩展帧,07,5d 54 0d 53 00 00 10 
396,接收,13:32:49:870,,0x181056f4,数据帧,扩展帧,05,c6 11 98 0d 02 
397,接收,13:32:49:890,,0x1cec56f4,数据帧,扩展帧,08,10 09 00 02 ff 00 11 00 
398,接收,13:32:49:900,,0x1cecf456,数据帧,扩展帧,08,11 02 01 ff ff 00 11 00 
399,接收,13:32:49:910,,0x1ceb56f4,数据帧,扩展帧,08,01 bd 10 a0 0f 8d d1 58 
400,接收,13:32:49:930,,0x1ceb56f4,数据帧,扩展帧,08,02 58 02 ff ff ff ff ff 
401,接收,13:32:49:940,,0x1cecf456,数据帧,扩展帧,08,13 09 00 02 ff 00 11 00 
402,接收,13:32:49:950,,0x181056f4,数据帧,扩展帧,05,c6 11 98 0d 02 
403,接收,13:32:49:970,,0x1812f456,数据帧,扩展帧,07,12 01 a0 0f 00 00 fc 
404,接收,13:32:49:970,,0x181356f4,数据帧,扩展帧,07,5d 54 0d 53 00 00 10 
405,接收,13:32:50:050,,0x181056f4,数据帧,扩展帧,05,c6 11 98 0d 02 
406,接收,13:32:50:070,,0x1cec56f4,数据帧,扩展帧,08,10 09 00 02 ff 00 11 00 
407,接收,13:32:50:080,,0x1cecf456,数据帧,扩展帧,08,11 02 01 ff ff 00 11 00 
408,接收,13:32:50:090,,0x1ceb56f4,数据帧,扩展帧,08,01 bd 10 a0 0f 8d d1 58 
409,接收,13:32:50:110,,0x1ceb56f4,数据帧,扩展帧,08,02 58 02 ff ff ff ff ff 
410,接收,13:32:50:120,,0x1cecf456,数据帧,扩展帧,08,13 09 00 02 ff 00 11 00 
411,接收,13:32:50:130,,0x181056f4,数据帧,扩展帧,05,c6 11 98 0d 02 
412,接收,13:32:50:150,,0x181356f4,数据帧,扩展帧,07,5d 54 0d 53 00 00 10 
413,接收,13:32:50:160,,0x1812f456,数据帧,扩展帧,07,12 01 a0 0f 00 00 fc 
414,接收,13:32:50:210,,0x181056f4,数据帧,扩展帧,05,c6 11 98 0d 02 
415,接收,13:32:50:230,,0x1cec56f4,数据帧,扩展帧,08,10 09 00 02 ff 00 11 00 
416,接收,13:32:50:240,,0x1cecf456,数据帧,扩展帧,08,11 02 01 ff ff 00 11 00 
417,接收,13:32:50:250,,0x1ceb56f4,数据帧,扩展帧,08,01 bd 10 a0 0f 8d d1 58 
418,接收,13:32:50:270,,0x1ceb56f4,数据帧,扩展帧,08,02 58 02 ff ff ff ff ff 
419,接收,13:32:50:280,,0x1cecf456,数据帧,扩展帧,08,13 09 00 02 ff 00 11 00 
420,接收,13:32:50:290,,0x181056f4,数据帧,扩展帧,05,c6 11 98 0d 02 
421,接收,13:32:50:300,,0x1812f456,数据帧,扩展帧,07,12 01 a0 0f 00 00 fc 
422,接收,13:32:50:310,,0x181356f4,数据帧,扩展帧,07,5d 54 0d 53 00 00 10 
423,接收,13:32:50:370,,0x181056f4,数据帧,扩展帧,05,c6 11 98 0d 02 
424,接收,13:32:50:390,,0x1cec56f4,数据帧,扩展帧,08,10 09 00 02 ff 00 11 00 
425,接收,13:32:50:390,,0x1cecf456,数据帧,扩展帧,08,11 02 01 ff ff 00 11 00 
426,接收,13:32:50:410,,0x1ceb56f4,数据帧,扩展帧,08,01 bd 10 a0 0f 8d d1 58 
427,接收,13:32:50:430,,0x1ceb56f4,数据帧,扩展帧,08,02 58 02 ff ff ff ff ff 
428,接收,13:32:50:430,,0x1cecf456,数据帧,扩展帧,08,13 09 00 02 ff 00 11 00 
429,接收,13:32:50:440,,0x1812f456,数据帧,扩展帧,07,12 01 a0 0f 00 00 fc 
430,接收,13:32:50:450,,0x181056f4,数据帧,扩展帧,05,c6 11 98 0d 02 
431,接收,13:32:50:470,,0x181356f4,数据帧,扩展帧,07,5d 54 0d 53 00 00 10 
432,接收,13:32:50:530,,0x181056f4,数据帧,扩展帧,05,c6 11 98 0d 02 
433,接收,13:32:50:550,,0x1cec56f4,数据帧,扩展帧,08,10 09 00 02 ff 00 11 00 
434,接收,13:32:50:560,,0x1cecf456,数据帧,扩展帧,08,11 02 01 ff ff 00 11 00 
435,接收,13:32:50:570,,0x1ceb56f4,数据帧,扩展帧,08,01 bd 10 a0 0f 8d d1 58 
436,接收,13:32:50:590,,0x1ceb56f4,数据帧,扩展帧,08,02 58 02 ff ff ff ff ff 
437,接收,13:32:50:600,,0x1cecf456,数据帧,扩展帧,08,13 09 00 02 ff 00 11 00 
438,接收,13:32:50:610,,0x181056f4,数据帧,扩展帧,05,c6 11 98 0d 02 
439,接收,13:32:50:630,,0x1812f456,数据帧,扩展帧,07,12 01 a0 0f 00 00 fc 
440,接收,13:32:50:630,,0x181356f4,数据帧,扩展帧,07,5d 54 0d 53 00 00 10 
441,接收,13:32:50:690,,0x181056f4,数据帧,扩展帧,05,c6 11 98 0d 02 
442,接收,13:32:50:710,,0x1cec56f4,数据帧,扩展帧,08,10 09 00 02 ff 00 11 00 
443,接收,13:32:50:720,,0x1cecf456,数据帧,扩展帧,08,11 02 01 ff ff 00 11 00 
444,接收,13:32:50:730,,0x1ceb56f4,数据帧,扩展帧,08,01 bd 10 a0 0f 8d d1 58 
445,接收,13:32:50:750,,0x1ceb56f4,数据帧,扩展帧,08,02 58 02 ff ff ff ff ff 
446,接收,13:32:50:760,,0x1cecf456,数据帧,扩展帧,08,13 09 00 02 ff 00 11 00 
447,接收,13:32:50:770,,0x1812f456,数据帧,扩展帧,07,12 01 a0 0f 00 00 fc 
448,接收,13:32:50:770,,0x181056f4,数据帧,扩展帧,05,c6 11 98 0d 02 
449,接收,13:32:50:790,,0x181356f4,数据帧,扩展帧,07,5d 54 0d 53 00 00 10 
450,接收,13:32:50:880,,0x181056f4,数据帧,扩展帧,05,c6 11 98 0d 02 
451,接收,13:32:50:900,,0x1cec56f4,数据帧,扩展帧,08,10 09 00 02 ff 00 11 00 
452,接收,13:32:50:900,,0x1cecf456,数据帧,扩展帧,08,11 02 01 ff ff 00 11 00 
453,接收,13:32:50:910,,0x1ceb56f4,数据帧,扩展帧,08,01 bd 10 a0 0f 8d d1 58 
454,接收,13:32:50:930,,0x1ceb56f4,数据帧,扩展帧,08,02 58 02 ff ff ff ff ff 
455,接收,13:32:50:940,,0x1cecf456,数据帧,扩展帧,08,13 09 00 02 ff 00 11 00 
456,接收,13:32:50:960,,0x181056f4,数据帧,扩展帧,05,c6 11 98 0d 02 
457,接收,13:32:50:960,,0x1812f456,数据帧,扩展帧,07,12 01 a0 0f 00 00 fc 
458,接收,13:32:50:980,,0x181356f4,数据帧,扩展帧,07,5d 54 0d 53 00 00 10 
459,接收,13:32:51:040,,0x181056f4,数据帧,扩展帧,05,c6 11 98 0d 02 
460,接收,13:32:51:060,,0x1cec56f4,数据帧,扩展帧,08,10 09 00 02 ff 00 11 00 
461,接收,13:32:51:060,,0x1cecf456,数据帧,扩展帧,08,11 02 01 ff ff 00 11 00 
462,接收,13:32:51:080,,0x1ceb56f4,数据帧,扩展帧,08,01 bd 10 a0 0f 8d 31 58 
463,接收,13:32:51:100,,0x1ceb56f4,数据帧,扩展帧,08,02 58 02 ff ff ff ff ff 
464,接收,13:32:51:100,,0x1cecf456,数据帧,扩展帧,08,13 09 00 02 ff 00 11 00 
465,接收,13:32:51:120,,0x181056f4,数据帧,扩展帧,05,c6 11 98 0d 02 
466,接收,13:32:51:140,,0x181356f4,数据帧,扩展帧,07,33 54 0d 53 00 00 10 
467,接收,13:32:51:150,,0x1812f456,数据帧,扩展帧,07,0f 0b a0 0f 00 00 fc 
468,接收,13:32:51:200,,0x181056f4,数据帧,扩展帧,05,c6 11 98 0d 02 
469,接收,13:32:51:220,,0x1cec56f4,数据帧,扩展帧,08,10 09 00 02 ff 00 11 00 
470,接收,13:32:51:230,,0x1cecf456,数据帧,扩展帧,08,11 02 01 ff ff 00 11 00 
471,接收,13:32:51:240,,0x1ceb56f4,数据帧,扩展帧,08,01 bd 10 a0 0f 8d 31 58 
472,接收,13:32:51:260,,0x1ceb56f4,数据帧,扩展帧,08,02 58 02 ff ff ff ff ff 
473,接收,13:32:51:270,,0x1cecf456,数据帧,扩展帧,08,13 09 00 02 ff 00 11 00 
474,接收,13:32:51:280,,0x181056f4,数据帧,扩展帧,05,c6 11 98 0d 02 
475,接收,13:32:51:300,,0x1812f456,数据帧,扩展帧,07,0f 0b a0 0f 00 00 fc 
476,接收,13:32:51:300,,0x181356f4,数据帧,扩展帧,07,33 54 0d 53 00 00 10 
477,接收,13:32:51:360,,0x181056f4,数据帧,扩展帧,05,c6 11 98 0d 02 
478,接收,13:32:51:380,,0x1cec56f4,数据帧,扩展帧,08,10 09 00 02 ff 00 11 00 
479,接收,13:32:51:380,,0x1cecf456,数据帧,扩展帧,08,11 02 01 ff ff 00 11 00 
480,接收,13:32:51:400,,0x1ceb56f4,数据帧,扩展帧,08,01 bd 10 a0 0f 8d 31 58 
481,接收,13:32:51:420,,0x1ceb56f4,数据帧,扩展帧,08,02 58 02 ff ff ff ff ff 
482,接收,13:32:51:430,,0x1cecf456,数据帧,扩展帧,08,13 09 00 02 ff 00 11 00 
483,接收,13:32:51:430,,0x1812f456,数据帧,扩展帧,07,0f 0b a0 0f 00 00 fc 
484,接收,13:32:51:440,,0x181056f4,数据帧,扩展帧,05,c6 11 98 0d 02 
485,接收,13:32:51:460,,0x181356f4,数据帧,扩展帧,07,33 54 0d 53 00 00 10 
486,接收,13:32:51:540,,0x181056f4,数据帧,扩展帧,05,c6 11 98 0d 02 
487,接收,13:32:51:560,,0x1cec56f4,数据帧,扩展帧,08,10 09 00 02 ff 00 11 00 
488,接收,13:32:51:560,,0x1cecf456,数据帧,扩展帧,08,11 02 01 ff ff 00 11 00 
489,接收,13:32:51:580,,0x1ceb56f4,数据帧,扩展帧,08,01 bd 10 a0 0f 8d d1 58 
490,接收,13:32:51:600,,0x1ceb56f4,数据帧,扩展帧,08,02 58 02 ff ff ff ff ff 
491,接收,13:32:51:610,,0x1cecf456,数据帧,扩展帧,08,13 09 00 02 ff 00 11 00 
492,接收,13:32:51:620,,0x181056f4,数据帧,扩展帧,05,c6 11 98 0d 02 
493,接收,13:32:51:620,,0x1812f456,数据帧,扩展帧,07,0f 0b a0 0f 00 00 fc 
494,接收,13:32:51:640,,0x181356f4,数据帧,扩展帧,07,5d 54 0d 53 00 00 10 
495,接收,13:32:51:700,,0x181056f4,数据帧,扩展帧,05,c6 11 98 0d 02 
496,接收,13:32:51:720,,0x1cec56f4,数据帧,扩展帧,08,10 09 00 02 ff 00 11 00 
497,接收,13:32:51:730,,0x1cecf456,数据帧,扩展帧,08,11 02 01 ff ff 00 11 00 
498,接收,13:32:51:740,,0x1ceb56f4,数据帧,扩展帧,08,01 bd 10 a0 0f 8d d1 58 
499,接收,13:32:51:760,,0x1ceb56f4,数据帧,扩展帧,08,02 58 02 ff ff ff ff ff 
500,接收,13:32:51:770,,0x1cecf456,数据帧,扩展帧,08,13 09 00 02 ff 00 11 00 
501,接收,13:32:51:780,,0x181056f4,数据帧,扩展帧,05,c6 11 98 0d 02 
502,接收,13:32:51:800,,0x181356f4,数据帧,扩展帧,07,5d 54 0d 53 00 00 10 
503,接收,13:32:51:810,,0x1812f456,数据帧,扩展帧,07,0f 0b a0 0f 00 00 fc 
504,接收,13:32:51:860,,0x181056f4,数据帧,扩展帧,05,c6 11 98 0d 02 
505,接收,13:32:51:880,,0x1cec56f4,数据帧,扩展帧,08,10 09 00 02 ff 00 11 00 
506,接收,13:32:51:880,,0x1cecf456,数据帧,扩展帧,08,11 02 01 ff ff 00 11 00 
507,接收,13:32:51:900,,0x1ceb56f4,数据帧,扩展帧,08,01 bd 10 a0 0f 8d d1 58 
508,接收,13:32:51:920,,0x1ceb56f4,数据帧,扩展帧,08,02 58 02 ff ff ff ff ff 
509,接收,13:32:51:920,,0x1cecf456,数据帧,扩展帧,08,13 09 00 02 ff 00 11 00 
510,接收,13:32:51:940,,0x181056f4,数据帧,扩展帧,05,c6 11 98 0d 02 
511,接收,13:32:51:950,,0x1812f456,数据帧,扩展帧,07,0f 0b a0 0f 00 00 fc 
512,接收,13:32:51:960,,0x181356f4,数据帧,扩展帧,07,5d 54 0d 53 00 00 10 
513,接收,13:32:52:020,,0x181056f4,数据帧,扩展帧,05,c6 11 98 0d 02 
514,接收,13:32:52:040,,0x1cec56f4,数据帧,扩展帧,08,10 09 00 02 ff 00 11 00 
515,接收,13:32:52:050,,0x1cecf456,数据帧,扩展帧,08,11 02 01 ff ff 00 11 00 
516,接收,13:32:52:060,,0x1ceb56f4,数据帧,扩展帧,08,01 bd 10 a0 0f 8d d1 58 
517,接收,13:32:52:080,,0x1ceb56f4,数据帧,扩展帧,08,02 58 02 ff ff ff ff ff 
518,接收,13:32:52:090,,0x1cecf456,数据帧,扩展帧,08,13 09 00 02 ff 00 11 00 
519,接收,13:32:52:100,,0x181056f4,数据帧,扩展帧,05,c6 11 98 0d 02 
520,接收,13:32:52:120,,0x181356f4,数据帧,扩展帧,07,5d 54 0d 53 00 00 10 
521,接收,13:32:52:140,,0x1812f456,数据帧,扩展帧,07,0f 0b a0 0f 00 00 fc 
522,接收,13:32:52:180,,0x181056f4,数据帧,扩展帧,05,c6 11 98 0d 02 
523,接收,13:32:52:200,,0x1cec56f4,数据帧,扩展帧,08,10 09 00 02 ff 00 11 00 
524,接收,13:32:52:210,,0x1cecf456,数据帧,扩展帧,08,11 02 01 ff ff 00 11 00 
525,接收,13:32:52:220,,0x1ceb56f4,数据帧,扩展帧,08,01 bd 10 a0 0f 8d d1 58 
526,接收,13:32:52:240,,0x1ceb56f4,数据帧,扩展帧,08,02 58 02 ff ff ff ff ff 
527,接收,13:32:52:240,,0x1cecf456,数据帧,扩展帧,08,13 09 00 02 ff 00 11 00 
528,接收,13:32:52:260,,0x181056f4,数据帧,扩展帧,05,c6 11 98 0d 02 
529,接收,13:32:52:280,,0x181356f4,数据帧,扩展帧,07,5d 54 0d 53 00 00 10 
530,接收,13:32:52:290,,0x1812f456,数据帧,扩展帧,07,0f 0b a0 0f 00 00 fc 
531,接收,13:32:52:360,,0x181056f4,数据帧,扩展帧,05,c6 11 98 0d 02 
532,接收,13:32:52:380,,0x1cec56f4,数据帧,扩展帧,08,10 09 00 02 ff 00 11 00 
533,接收,13:32:52:380,,0x1cecf456,数据帧,扩展帧,08,11 02 01 ff ff 00 11 00 
534,接收,13:32:52:400,,0x1ceb56f4,数据帧,扩展帧,08,01 bd 10 a0 0f 8d d1 58 
535,接收,13:32:52:420,,0x1ceb56f4,数据帧,扩展帧,08,02 58 02 ff ff ff ff ff 
536,接收,13:32:52:420,,0x1cecf456,数据帧,扩展帧,08,13 09 00 02 ff 00 11 00 
537,接收,13:32:52:440,,0x181056f4,数据帧,扩展帧,05,c6 11 98 0d 02 
538,接收,13:32:52:460,,0x181356f4,数据帧,扩展帧,07,5d 54 0d 53 00 00 10 
539,接收,13:32:52:470,,0x1812f456,数据帧,扩展帧,07,0f 0b a0 0f 00 00 fc 
540,接收,13:32:52:500,,0x181056f4,数据帧,扩展帧,05,c6 11 98 0d 02 
541,接收,13:32:52:540,,0x1cec56f4,数据帧,扩展帧,08,10 09 00 02 ff 00 11 00 
542,接收,13:32:52:550,,0x1cecf456,数据帧,扩展帧,08,11 02 01 ff ff 00 11 00 
543,接收,13:32:52:560,,0x1ceb56f4,数据帧,扩展帧,08,01 bd 10 a0 0f 8d d1 58 
544,接收,13:32:52:580,,0x1ceb56f4,数据帧,扩展帧,08,02 58 02 ff ff ff ff ff 
545,接收,13:32:52:590,,0x1cecf456,数据帧,扩展帧,08,13 09 00 02 ff 00 11 00 
546,接收,13:32:52:600,,0x181056f4,数据帧,扩展帧,05,c6 11 98 0d 02 
547,接收,13:32:52:610,,0x1812f456,数据帧,扩展帧,07,0f 0b a0 0f 00 00 fc 
548,接收,13:32:52:620,,0x181356f4,数据帧,扩展帧,07,5d 54 0d 53 00 00 10 
549,接收,13:32:52:680,,0x181056f4,数据帧,扩展帧,05,c6 11 98 0d 02 
550,接收,13:32:52:700,,0x1cec56f4,数据帧,扩展帧,08,10 09 00 02 ff 00 11 00 
551,接收,13:32:52:720,,0x1cecf456,数据帧,扩展帧,08,11 02 01 ff ff 00 11 00 
552,接收,13:32:52:720,,0x1ceb56f4,数据帧,扩展帧,08,01 bd 10 a0 0f 8d d1 58 
553,接收,13:32:52:740,,0x1ceb56f4,数据帧,扩展帧,08,02 58 02 ff ff ff ff ff 
554,接收,13:32:52:750,,0x1cecf456,数据帧,扩展帧,08,13 09 00 02 ff 00 11 00 
555,接收,13:32:52:760,,0x181056f4,数据帧,扩展帧,05,c6 11 98 0d 02 
556,接收,13:32:52:780,,0x181356f4,数据帧,扩展帧,07,5d 54 0d 53 00 00 10 
557,接收,13:32:52:810,,0x1812f456,数据帧,扩展帧,07,0f 0b a0 0f 00 00 fc 
558,接收,13:32:52:840,,0x181056f4,数据帧,扩展帧,05,c6 11 98 0d 02 
559,接收,13:32:52:860,,0x1cec56f4,数据帧,扩展帧,08,10 09 00 02 ff 00 11 00 
560,接收,13:32:52:870,,0x1cecf456,数据帧,扩展帧,08,11 02 01 ff ff 00 11 00 
561,接收,13:32:52:880,,0x1ceb56f4,数据帧,扩展帧,08,01 bd 10 a0 0f 8d d1 58 
562,接收,13:32:52:910,,0x1ceb56f4,数据帧,扩展帧,08,02 58 02 ff ff ff ff ff 
563,接收,13:32:52:910,,0x1cecf456,数据帧,扩展帧,08,13 09 00 02 ff 00 11 00 
564,接收,13:32:52:920,,0x181056f4,数据帧,扩展帧,05,c6 11 98 0d 02 
565,接收,13:32:52:940,,0x1812f456,数据帧,扩展帧,07,0f 0b a0 0f 00 00 fc 
566,接收,13:32:52:950,,0x181356f4,数据帧,扩展帧,07,5d 54 0d 53 00 00 10 
567,接收,13:32:53:000,,0x181056f4,数据帧,扩展帧,05,c6 11 98 0d 02 
568,接收,13:32:53:020,,0x1cec56f4,数据帧,扩展帧,08,10 09 00 02 ff 00 11 00 
569,接收,13:32:53:030,,0x1cecf456,数据帧,扩展帧,08,11 02 01 ff ff 00 11 00 
570,接收,13:32:53:040,,0x1ceb56f4,数据帧,扩展帧,08,01 bd 10 a0 0f 8d d1 58 
571,接收,13:32:53:070,,0x1ceb56f4,数据帧,扩展帧,08,02 58 02 ff ff ff ff ff 
572,接收,13:32:53:070,,0x1cecf456,数据帧,扩展帧,08,13 09 00 02 ff 00 11 00 
573,接收,13:32:53:080,,0x1812f456,数据帧,扩展帧,07,0f 0b a0 0f 00 00 fc 
574,接收,13:32:53:080,,0x181056f4,数据帧,扩展帧,05,c6 11 98 0d 02 
575,接收,13:32:53:100,,0x181356f4,数据帧,扩展帧,07,5d 54 0d 53 00 00 10 
576,接收,13:32:53:180,,0x181056f4,数据帧,扩展帧,05,c6 11 98 0d 02 
577,接收,13:32:53:211,,0x1cec56f4,数据帧,扩展帧,08,10 09 00 02 ff 00 11 00 
578,接收,13:32:53:211,,0x1cecf456,数据帧,扩展帧,08,11 02 01 ff ff 00 11 00 
579,接收,13:32:53:220,,0x1ceb56f4,数据帧,扩展帧,08,01 bd 10 a0 0f 8d d1 58 
580,接收,13:32:53:241,,0x1ceb56f4,数据帧,扩展帧,08,02 58 02 ff ff ff ff ff 
581,接收,13:32:53:251,,0x1cecf456,数据帧,扩展帧,08,13 09 00 02 ff 00 11 00 
582,接收,13:32:53:260,,0x181056f4,数据帧,扩展帧,05,c6 11 98 0d 02 
583,接收,13:32:53:281,,0x1812f456,数据帧,扩展帧,07,04 0f a0 0f 00 00 fc 
584,接收,13:32:53:281,,0x181356f4,数据帧,扩展帧,07,5d 54 0d 53 00 00 10 
585,接收,13:32:53:340,,0x181056f4,数据帧,扩展帧,05,c6 11 98 0d 02 
586,接收,13:32:53:361,,0x1cec56f4,数据帧,扩展帧,08,10 09 00 02 ff 00 11 00 
587,接收,13:32:53:371,,0x1cecf456,数据帧,扩展帧,08,11 02 01 ff ff 00 11 00 
588,接收,13:32:53:381,,0x1ceb56f4,数据帧,扩展帧,08,01 bd 10 a0 0f 8d d1 58 
589,接收,13:32:53:411,,0x1ceb56f4,数据帧,扩展帧,08,02 58 02 ff ff ff ff ff 
590,接收,13:32:53:411,,0x1cecf456,数据帧,扩展帧,08,13 09 00 02 ff 00 11 00 
591,接收,13:32:53:411,,0x1812f456,数据帧,扩展帧,07,04 0f a0 0f 00 00 fc 
592,接收,13:32:53:431,,0x181056f4,数据帧,扩展帧,05,c6 11 98 0d 02 
593,接收,13:32:53:451,,0x181356f4,数据帧,扩展帧,07,5d 54 0d 53 00 00 10 
594,接收,13:32:53:511,,0x181056f4,数据帧,扩展帧,05,c6 11 98 0d 02 
595,接收,13:32:53:531,,0x1cec56f4,数据帧,扩展帧,08,10 09 00 02 ff 00 11 00 
596,接收,13:32:53:541,,0x1cecf456,数据帧,扩展帧,08,11 02 01 ff ff 00 11 00 
597,接收,13:32:53:551,,0x1ceb56f4,数据帧,扩展帧,08,01 bd 10 a0 0f 8d d1 58 
598,接收,13:32:53:571,,0x1ceb56f4,数据帧,扩展帧,08,02 58 02 ff ff ff ff ff 
599,接收,13:32:53:581,,0x1cecf456,数据帧,扩展帧,08,13 09 00 02 ff 00 11 00 
600,接收,13:32:53:591,,0x181056f4,数据帧,扩展帧,05,c6 11 98 0d 02 
601,接收,13:32:53:601,,0x1812f456,数据帧,扩展帧,07,04 0f a0 0f 00 00 fc 
602,接收,13:32:53:611,,0x181356f4,数据帧,扩展帧,07,5d 54 0d 53 00 00 10 
603,接收,13:32:53:671,,0x181056f4,数据帧,扩展帧,05,c6 11 98 0d 02 
604,接收,13:32:53:691,,0x1cec56f4,数据帧,扩展帧,08,10 09 00 02 ff 00 11 00 
605,接收,13:32:53:691,,0x1cecf456,数据帧,扩展帧,08,11 02 01 ff ff 00 11 00 
606,接收,13:32:53:711,,0x1ceb56f4,数据帧,扩展帧,08,01 bd 10 a0 0f 8d d1 58 
607,接收,13:32:53:731,,0x1ceb56f4,数据帧,扩展帧,08,02 58 02 ff ff ff ff ff 
608,接收,13:32:53:731,,0x1cecf456,数据帧,扩展帧,08,13 09 00 02 ff 00 11 00 
609,接收,13:32:53:741,,0x1812f456,数据帧,扩展帧,07,04 0f a0 0f 00 00 fc 
610,接收,13:32:53:751,,0x181056f4,数据帧,扩展帧,05,c6 11 98 0d 02 
611,接收,13:32:53:771,,0x181356f4,数据帧,扩展帧,07,5d 54 0d 53 00 00 10 
612,接收,13:32:53:851,,0x181056f4,数据帧,扩展帧,05,c6 11 98 0d 02 
613,接收,13:32:53:871,,0x1cec56f4,数据帧,扩展帧,08,10 09 00 02 ff 00 11 00 
614,接收,13:32:53:891,,0x1ceb56f4,数据帧,扩展帧,08,01 bd 10 df 0e 8d d1 58 
615,接收,13:32:53:901,,0x1cecf456,数据帧,扩展帧,08,11 02 01 ff ff 00 11 00 
616,接收,13:32:53:911,,0x1ceb56f4,数据帧,扩展帧,08,02 25 00 ff ff ff ff ff 
617,接收,13:32:53:911,,0x1cecf456,数据帧,扩展帧,08,13 09 00 02 ff 00 11 00 
618,接收,13:32:53:931,,0x181056f4,数据帧,扩展帧,05,c6 11 98 0d 02 
619,接收,13:32:53:931,,0x1812f456,数据帧,扩展帧,07,04 0f a0 0f 00 00 fc 
620,接收,13:32:53:951,,0x181356f4,数据帧,扩展帧,07,5d 54 0d 53 00 00 10 
621,接收,13:32:53:991,,0x181056f4,数据帧,扩展帧,05,c6 11 98 0d 02 
622,接收,13:32:54:011,,0x1cec56f4,数据帧,扩展帧,08,10 09 00 02 ff 00 11 00 
623,接收,13:32:54:011,,0x1cecf456,数据帧,扩展帧,08,11 02 01 ff ff 00 11 00 
624,接收,13:32:54:031,,0x1ceb56f4,数据帧,扩展帧,08,01 c9 10 19 0e 8f f1 58 
625,接收,13:32:54:051,,0x1ceb56f4,数据帧,扩展帧,08,02 12 00 ff ff ff ff ff 
626,接收,13:32:54:061,,0x1cecf456,数据帧,扩展帧,08,13 09 00 02 ff 00 11 00 
627,接收,13:32:54:071,,0x181056f4,数据帧,扩展帧,05,c6 11 98 0d 02 
628,接收,13:32:54:071,,0x1812f456,数据帧,扩展帧,07,04 0f a0 0f 00 00 fc 
629,接收,13:32:54:091,,0x181356f4,数据帧,扩展帧,07,3f 54 0d 53 00 00 10 
630,接收,13:32:54:171,,0x181056f4,数据帧,扩展帧,05,c6 11 98 0d 02 
631,接收,13:32:54:191,,0x1cec56f4,数据帧,扩展帧,08,10 09 00 02 ff 00 11 00 
632,接收,13:32:54:191,,0x1cecf456,数据帧,扩展帧,08,11 02 01 ff ff 00 11 00 
633,接收,13:32:54:211,,0x1ceb56f4,数据帧,扩展帧,08,01 d2 10 f5 0c 8f f1 58 
634,接收,13:32:54:231,,0x1ceb56f4,数据帧,扩展帧,08,02 0a 00 ff ff ff ff ff 
635,接收,13:32:54:231,,0x1cecf456,数据帧,扩展帧,08,13 09 00 02 ff 00 11 00 
636,接收,13:32:54:251,,0x181056f4,数据帧,扩展帧,05,c6 11 98 0d 02 
637,接收,13:32:54:271,,0x1812f456,数据帧,扩展帧,07,04 0f a0 0f 00 00 fc 
638,接收,13:32:54:271,,0x181356f4,数据帧,扩展帧,07,3f 54 0d 53 00 00 10 
639,接收,13:32:54:331,,0x181056f4,数据帧,扩展帧,05,c6 11 98 0d 02 
640,接收,13:32:54:351,,0x1cec56f4,数据帧,扩展帧,08,10 09 00 02 ff 00 11 00 
641,接收,13:32:54:351,,0x1cecf456,数据帧,扩展帧,08,11 02 01 ff ff 00 11 00 
642,接收,13:32:54:371,,0x1ceb56f4,数据帧,扩展帧,08,01 d4 10 ad 0c 8f f1 58 
643,接收,13:32:54:391,,0x1ceb56f4,数据帧,扩展帧,08,02 09 00 ff ff ff ff ff 
644,接收,13:32:54:401,,0x1cecf456,数据帧,扩展帧,08,13 09 00 02 ff 00 11 00 
645,接收,13:32:54:401,,0x1812f456,数据帧,扩展帧,07,04 0f a0 0f 00 00 fc 
646,接收,13:32:54:411,,0x181056f4,数据帧,扩展帧,05,c6 11 98 0d 02 
647,接收,13:32:54:431,,0x181356f4,数据帧,扩展帧,07,3f 54 0d 53 00 00 10 
648,接收,13:32:54:491,,0x181056f4,数据帧,扩展帧,05,c6 11 98 0d 02 
649,接收,13:32:54:511,,0x1cec56f4,数据帧,扩展帧,08,10 09 00 02 ff 00 11 00 
650,接收,13:32:54:521,,0x1cecf456,数据帧,扩展帧,08,11 02 01 ff ff 00 11 00 
651,接收,13:32:54:531,,0x1ceb56f4,数据帧,扩展帧,08,01 e9 10 a0 0c 94 f1 58 
652,接收,13:32:54:551,,0x1ceb56f4,数据帧,扩展帧,08,02 09 00 ff ff ff ff ff 
653,接收,13:32:54:561,,0x1cecf456,数据帧,扩展帧,08,13 09 00 02 ff 00 11 00 
654,接收,13:32:54:571,,0x181056f4,数据帧,扩展帧,05,c6 11 98 0d 02 
655,接收,13:32:54:591,,0x181356f4,数据帧,扩展帧,07,3f 54 0d 53 00 00 10 
656,接收,13:32:54:591,,0x1812f456,数据帧,扩展帧,07,04 0f a0 0f 00 00 fc 
657,接收,13:32:54:651,,0x181056f4,数据帧,扩展帧,05,c6 11 98 0d 02 
658,接收,13:32:54:671,,0x1cec56f4,数据帧,扩展帧,08,10 09 00 02 ff 00 11 00 
659,接收,13:32:54:681,,0x1cecf456,数据帧,扩展帧,08,11 02 01 ff ff 00 11 00 
660,接收,13:32:54:691,,0x1ceb56f4,数据帧,扩展帧,08,01 f9 10 96 0c 94 f1 58 
661,接收,13:32:54:711,,0x1ceb56f4,数据帧,扩展帧,08,02 09 00 ff ff ff ff ff 
662,接收,13:32:54:711,,0x1cecf456,数据帧,扩展帧,08,13 09 00 02 ff 00 11 00 
663,接收,13:32:54:731,,0x181056f4,数据帧,扩展帧,05,c6 11 98 0d 02 
664,接收,13:32:54:731,,0x1812f456,数据帧,扩展帧,07,04 0f a0 0f 00 00 fc 
665,接收,13:32:54:751,,0x181356f4,数据帧,扩展帧,07,3f 54 0d 53 00 00 10 
666,接收,13:32:54:811,,0x181056f4,数据帧,扩展帧,05,c6 11 98 0d 02 
667,接收,13:32:54:851,,0x1cec56f4,数据帧,扩展帧,08,10 09 00 02 ff 00 11 00 
668,接收,13:32:54:861,,0x1cecf456,数据帧,扩展帧,08,11 02 01 ff ff 00 11 00 
669,接收,13:32:54:871,,0x1ceb56f4,数据帧,扩展帧,08,01 fd 10 95 0c 94 f1 58 
670,接收,13:32:54:891,,0x1ceb56f4,数据帧,扩展帧,08,02 09 00 ff ff ff ff ff 
671,接收,13:32:54:911,,0x181056f4,数据帧,扩展帧,05,c6 11 98 0d 02 
672,接收,13:32:54:921,,0x1cecf456,数据帧,扩展帧,08,13 09 00 02 ff 00 11 00 
673,接收,13:32:54:921,,0x1812f456,数据帧,扩展帧,07,04 0f a0 0f 00 00 fc 
674,接收,13:32:54:931,,0x181356f4,数据帧,扩展帧,07,3f 54 0d 53 00 00 10 
675,接收,13:32:54:991,,0x181056f4,数据帧,扩展帧,05,c6 11 98 0d 02 
676,接收,13:32:55:011,,0x1cec56f4,数据帧,扩展帧,08,10 09 00 02 ff 00 11 00 
677,接收,13:32:55:021,,0x1cecf456,数据帧,扩展帧,08,11 02 01 ff ff 00 11 00 
678,接收,13:32:55:031,,0x1ceb56f4,数据帧,扩展帧,08,01 fe 10 95 0c 94 f1 58 
679,接收,13:32:55:051,,0x1ceb56f4,数据帧,扩展帧,08,02 09 00 ff ff ff ff ff 
680,接收,13:32:55:061,,0x1cecf456,数据帧,扩展帧,08,13 09 00 02 ff 00 11 00 
681,接收,13:32:55:071,,0x181056f4,数据帧,扩展帧,05,c6 11 98 0d 02 
682,接收,13:32:55:091,,0x181356f4,数据帧,扩展帧,07,3f 54 0d 53 00 00 10 
683,接收,13:32:55:111,,0x1812f456,数据帧,扩展帧,07,04 0f a0 0f 00 00 fc 
684,接收,13:32:55:151,,0x181056f4,数据帧,扩展帧,05,c6 11 98 0d 02 
685,接收,13:32:55:171,,0x1cec56f4,数据帧,扩展帧,08,10 09 00 02 ff 00 11 00 
686,接收,13:32:55:181,,0x1cecf456,数据帧,扩展帧,08,11 02 01 ff ff 00 11 00 
687,接收,13:32:55:191,,0x1ceb56f4,数据帧,扩展帧,08,01 ff 10 95 0c 94 f1 58 
688,接收,13:32:55:211,,0x1ceb56f4,数据帧,扩展帧,08,02 09 00 ff ff ff ff ff 
689,接收,13:32:55:221,,0x1cecf456,数据帧,扩展帧,08,13 09 00 02 ff 00 11 00 
690,接收,13:32:55:231,,0x181056f4,数据帧,扩展帧,05,c6 11 98 0d 02 
691,接收,13:32:55:251,,0x181356f4,数据帧,扩展帧,07,3f 54 0d 53 00 00 10 
692,接收,13:32:55:261,,0x1812f456,数据帧,扩展帧,07,0d 11 e1 0e 00 00 fc 
693,接收,13:32:55:311,,0x181056f4,数据帧,扩展帧,05,c6 11 98 0d 02 
694,接收,13:32:55:331,,0x1cec56f4,数据帧,扩展帧,08,10 09 00 02 ff 00 11 00 
695,接收,13:32:55:341,,0x1cecf456,数据帧,扩展帧,08,11 02 01 ff ff 00 11 00 
696,接收,13:32:55:351,,0x1ceb56f4,数据帧,扩展帧,08,01 ff 10 95 0c 94 f1 58 
697,接收,13:32:55:371,,0x1ceb56f4,数据帧,扩展帧,08,02 09 00 ff ff ff ff ff 
698,接收,13:32:55:381,,0x1cecf456,数据帧,扩展帧,08,13 09 00 02 ff 00 11 00 
699,接收,13:32:55:401,,0x181056f4,数据帧,扩展帧,05,c6 11 98 0d 02 
700,接收,13:32:55:401,,0x1812f456,数据帧,扩展帧,07,0d 11 e1 0e 00 00 fc 
701,接收,13:32:55:411,,0x181356f4,数据帧,扩展帧,07,3f 54 0d 53 00 00 10 
702,接收,13:32:55:471,,0x181056f4,数据帧,扩展帧,05,c6 11 98 0d 02 
703,接收,13:32:55:491,,0x1cec56f4,数据帧,扩展帧,08,10 09 00 02 ff 00 11 00 
704,接收,13:32:55:501,,0x1cecf456,数据帧,扩展帧,08,11 02 01 ff ff 00 11 00 
705,接收,13:32:55:521,,0x1ceb56f4,数据帧,扩展帧,08,01 00 11 95 0c 94 f1 58 
706,接收,13:32:55:541,,0x1ceb56f4,数据帧,扩展帧,08,02 09 00 ff ff ff ff ff 
707,接收,13:32:55:541,,0x1cecf456,数据帧,扩展帧,08,13 09 00 02 ff 00 11 00 
708,接收,13:32:55:551,,0x181056f4,数据帧,扩展帧,05,c6 11 98 0d 02 
709,接收,13:32:55:571,,0x181356f4,数据帧,扩展帧,07,3f 54 0d 53 00 00 10 
710,接收,13:32:55:581,,0x1812f456,数据帧,扩展帧,07,0d 11 e1 0e 00 00 fc 
711,接收,13:32:55:661,,0x181056f4,数据帧,扩展帧,05,c6 11 98 0d 02 
712,接收,13:32:55:671,,0x1cec56f4,数据帧,扩展帧,08,10 09 00 02 ff 00 11 00 
713,接收,13:32:55:681,,0x1cecf456,数据帧,扩展帧,08,11 02 01 ff ff 00 11 00 
714,接收,13:32:55:701,,0x1ceb56f4,数据帧,扩展帧,08,01 01 11 95 0c 94 f1 58 
715,接收,13:32:55:721,,0x1ceb56f4,数据帧,扩展帧,08,02 09 00 ff ff ff ff ff 
716,接收,13:32:55:721,,0x1cecf456,数据帧,扩展帧,08,13 09 00 02 ff 00 11 00 
717,接收,13:32:55:721,,0x1812f456,数据帧,扩展帧,07,0d 11 e1 0e 00 00 fc 
718,接收,13:32:55:731,,0x181056f4,数据帧,扩展帧,05,c6 11 98 0d 02 
719,接收,13:32:55:761,,0x181356f4,数据帧,扩展帧,07,3f 54 0d 53 00 00 10 
720,接收,13:32:55:821,,0x181056f4,数据帧,扩展帧,05,c6 11 98 0d 02 
721,接收,13:32:55:841,,0x1cec56f4,数据帧,扩展帧,08,10 09 00 02 ff 00 11 00 
722,接收,13:32:55:841,,0x1cecf456,数据帧,扩展帧,08,11 02 01 ff ff 00 11 00 
723,接收,13:32:55:861,,0x1ceb56f4,数据帧,扩展帧,08,01 01 11 95 0c 94 f1 58 
724,接收,13:32:55:881,,0x1ceb56f4,数据帧,扩展帧,08,02 09 00 ff ff ff ff ff 
725,接收,13:32:55:881,,0x1cecf456,数据帧,扩展帧,08,13 09 00 02 ff 00 11 00 
726,接收,13:32:55:901,,0x181056f4,数据帧,扩展帧,05,c6 11 98 0d 02 
727,接收,13:32:55:921,,0x181356f4,数据帧,扩展帧,07,3f 54 0d 53 00 00 10 
728,接收,13:32:55:941,,0x1812f456,数据帧,扩展帧,07,0d 11 e1 0e 00 00 fc 
729,接收,13:32:55:981,,0x181056f4,数据帧,扩展帧,05,c6 11 98 0d 02 
730,接收,13:32:56:001,,0x1cec56f4,数据帧,扩展帧,08,10 09 00 02 ff 00 11 00 
731,接收,13:32:56:011,,0x1cecf456,数据帧,扩展帧,08,11 02 01 ff ff 00 11 00 
732,接收,13:32:56:021,,0x1ceb56f4,数据帧,扩展帧,08,01 02 11 95 0c 94 f1 58 
733,接收,13:32:56:041,,0x1ceb56f4,数据帧,扩展帧,08,02 09 00 ff ff ff ff ff 
734,接收,13:32:56:051,,0x1cecf456,数据帧,扩展帧,08,13 09 00 02 ff 00 11 00 
735,接收,13:32:56:061,,0x1812f456,数据帧,扩展帧,07,0d 11 e1 0e 00 00 fc 
736,接收,13:32:56:061,,0x181056f4,数据帧,扩展帧,05,c6 11 98 0d 02 
737,接收,13:32:56:081,,0x181356f4,数据帧,扩展帧,07,3f 54 0d 53 00 00 10 
738,接收,13:32:56:141,,0x181056f4,数据帧,扩展帧,05,c6 11 98 0d 02 
739,接收,13:32:56:161,,0x1cec56f4,数据帧,扩展帧,08,10 09 00 02 ff 00 11 00 
740,接收,13:32:56:161,,0x1cecf456,数据帧,扩展帧,08,11 02 01 ff ff 00 11 00 
741,接收,13:32:56:181,,0x1ceb56f4,数据帧,扩展帧,08,01 02 11 95 0c 94 f1 58 
742,接收,13:32:56:201,,0x1ceb56f4,数据帧,扩展帧,08,02 09 00 ff ff ff ff ff 
743,接收,13:32:56:201,,0x1cecf456,数据帧,扩展帧,08,13 09 00 02 ff 00 11 00 
744,接收,13:32:56:221,,0x181056f4,数据帧,扩展帧,05,c6 11 98 0d 02 
745,接收,13:32:56:241,,0x181356f4,数据帧,扩展帧,07,3f 54 0d 53 00 00 10 
746,接收,13:32:56:251,,0x1812f456,数据帧,扩展帧,07,0d 11 e1 0e 00 00 fc 
747,接收,13:32:56:301,,0x181056f4,数据帧,扩展帧,05,c6 11 98 0d 02 
748,接收,13:32:56:321,,0x1cec56f4,数据帧,扩展帧,08,10 09 00 02 ff 00 11 00 
749,接收,13:32:56:331,,0x1cecf456,数据帧,扩展帧,08,11 02 01 ff ff 00 11 00 
750,接收,13:32:56:341,,0x1ceb56f4,数据帧,扩展帧,08,01 02 11 95 0c 94 f1 58 
751,接收,13:32:56:361,,0x1ceb56f4,数据帧,扩展帧,08,02 09 00 ff ff ff ff ff 
752,接收,13:32:56:361,,0x1cecf456,数据帧,扩展帧,08,13 09 00 02 ff 00 11 00 
753,接收,13:32:56:381,,0x181056f4,数据帧,扩展帧,05,c6 11 98 0d 02 
754,接收,13:32:56:381,,0x1812f456,数据帧,扩展帧,07,0d 11 e1 0e 00 00 fc 
755,接收,13:32:56:401,,0x181356f4,数据帧,扩展帧,07,3f 54 0d 53 00 00 10 
756,接收,13:32:56:481,,0x181056f4,数据帧,扩展帧,05,c6 11 98 0d 02 
757,接收,13:32:56:501,,0x1cec56f4,数据帧,扩展帧,08,10 09 00 02 ff 00 11 00 
758,接收,13:32:56:511,,0x1cecf456,数据帧,扩展帧,08,11 02 01 ff ff 00 11 00 
759,接收,13:32:56:521,,0x1ceb56f4,数据帧,扩展帧,08,01 03 11 95 0c 94 f1 58 
760,接收,13:32:56:541,,0x1ceb56f4,数据帧,扩展帧,08,02 09 00 ff ff ff ff ff 
761,接收,13:32:56:551,,0x1cecf456,数据帧,扩展帧,08,13 09 00 02 ff 00 11 00 
762,接收,13:32:56:561,,0x181056f4,数据帧,扩展帧,05,c6 11 98 0d 02 
763,接收,13:32:56:571,,0x1812f456,数据帧,扩展帧,07,0d 11 e1 0e 00 00 fc 
764,接收,13:32:56:581,,0x181356f4,数据帧,扩展帧,07,3f 54 0d 53 00 00 10 
765,接收,13:32:56:621,,0x181056f4,数据帧,扩展帧,05,c6 11 98 0d 02 
766,接收,13:32:56:661,,0x1cec56f4,数据帧,扩展帧,08,10 09 00 02 ff 00 11 00 
767,接收,13:32:56:661,,0x1cecf456,数据帧,扩展帧,08,11 02 01 ff ff 00 11 00 
768,接收,13:32:56:681,,0x1ceb56f4,数据帧,扩展帧,08,01 03 11 95 0c 94 f1 58 
769,接收,13:32:56:701,,0x1ceb56f4,数据帧,扩展帧,08,02 09 00 ff ff ff ff ff 
770,接收,13:32:56:701,,0x1cecf456,数据帧,扩展帧,08,13 09 00 02 ff 00 11 00 
771,接收,13:32:56:711,,0x1812f456,数据帧,扩展帧,07,0d 11 e1 0e 00 00 fc 
772,接收,13:32:56:721,,0x181056f4,数据帧,扩展帧,05,c6 11 98 0d 02 
773,接收,13:32:56:741,,0x181356f4,数据帧,扩展帧,07,3f 54 0d 53 00 00 10 
774,接收,13:32:56:801,,0x181056f4,数据帧,扩展帧,05,c6 11 98 0d 02 
775,接收,13:32:56:821,,0x1cec56f4,数据帧,扩展帧,08,10 09 00 02 ff 00 11 00 
776,接收,13:32:56:841,,0x1ceb56f4,数据帧,扩展帧,08,01 03 11 95 0c 94 f1 58 
777,接收,13:32:56:841,,0x1cecf456,数据帧,扩展帧,08,11 02 01 ff ff 00 11 00 
778,接收,13:32:56:861,,0x1ceb56f4,数据帧,扩展帧,08,02 09 00 ff ff ff ff ff 
779,接收,13:32:56:871,,0x1cecf456,数据帧,扩展帧,08,13 09 00 02 ff 00 11 00 
780,接收,13:32:56:881,,0x181056f4,数据帧,扩展帧,05,c6 11 98 0d 02 
781,接收,13:32:56:901,,0x181356f4,数据帧,扩展帧,07,3f 54 0d 53 00 00 10 
782,接收,13:32:56:901,,0x1812f456,数据帧,扩展帧,07,0d 11 e1 0e 00 00 fc 
783,接收,13:32:56:961,,0x181056f4,数据帧,扩展帧,05,c6 11 98 0d 02 
784,接收,13:32:56:981,,0x1cec56f4,数据帧,扩展帧,08,10 09 00 02 ff 00 11 00 
785,接收,13:32:56:991,,0x1cecf456,数据帧,扩展帧,08,11 02 01 ff ff 00 11 00 
786,接收,13:32:57:001,,0x1ceb56f4,数据帧,扩展帧,08,01 04 11 95 0c 94 f1 58 
787,接收,13:32:57:021,,0x1ceb56f4,数据帧,扩展帧,08,02 09 00 ff ff ff ff ff 
788,接收,13:32:57:021,,0x1cecf456,数据帧,扩展帧,08,13 09 00 02 ff 00 11 00 
789,接收,13:32:57:041,,0x181056f4,数据帧,扩展帧,05,c6 11 98 0d 02 
790,接收,13:32:57:041,,0x1812f456,数据帧,扩展帧,07,0d 11 e1 0e 00 00 fc 
791,接收,13:32:57:061,,0x181356f4,数据帧,扩展帧,07,3f 54 0d 53 00 10 10 
792,接收,13:32:57:121,,0x181056f4,数据帧,扩展帧,05,c6 11 98 0d 02 
793,接收,13:32:57:141,,0x1cec56f4,数据帧,扩展帧,08,10 09 00 02 ff 00 11 00 
794,接收,13:32:57:141,,0x1cecf456,数据帧,扩展帧,08,11 02 01 ff ff 00 11 00 
795,接收,13:32:57:161,,0x1ceb56f4,数据帧,扩展帧,08,01 04 11 95 0c 94 f1 58 
796,接收,13:32:57:181,,0x1ceb56f4,数据帧,扩展帧,08,02 09 00 ff ff ff ff ff 
797,接收,13:32:57:181,,0x1cecf456,数据帧,扩展帧,08,13 09 00 02 ff 00 11 00 
798,接收,13:32:57:181,,0x1812f456,数据帧,扩展帧,07,0d 11 e1 0e 00 00 fc 
799,接收,13:32:57:201,,0x181056f4,数据帧,扩展帧,05,c6 11 98 0d 02 
800,接收,13:32:57:221,,0x181356f4,数据帧,扩展帧,07,3f 54 0d 53 00 10 10 
801,接收,13:32:57:301,,0x181056f4,数据帧,扩展帧,05,c6 11 98 0d 02 
802,接收,13:32:57:321,,0x1cec56f4,数据帧,扩展帧,08,10 09 00 02 ff 00 11 00 
803,接收,13:32:57:331,,0x1cecf456,数据帧,扩展帧,08,11 02 01 ff ff 00 11 00 
804,接收,13:32:57:341,,0x1ceb56f4,数据帧,扩展帧,08,01 04 11 95 0c 94 f1 58 
805,接收,13:32:57:361,,0x1ceb56f4,数据帧,扩展帧,08,02 09 00 ff ff ff ff ff 
806,接收,13:32:57:371,,0x1cecf456,数据帧,扩展帧,08,13 09 00 02 ff 00 11 00 
807,接收,13:32:57:381,,0x1812f456,数据帧,扩展帧,07,1c 11 d8 0e 00 00 fc 
808,接收,13:32:57:381,,0x181056f4,数据帧,扩展帧,05,c6 11 98 0d 02 
809,接收,13:32:57:401,,0x181356f4,数据帧,扩展帧,07,3f 54 0d 53 00 10 10 
810,接收,13:32:57:461,,0x181056f4,数据帧,扩展帧,05,c6 11 98 0d 02 
811,接收,13:32:57:481,,0x1cec56f4,数据帧,扩展帧,08,10 09 00 02 ff 00 11 00 
812,接收,13:32:57:491,,0x1cecf456,数据帧,扩展帧,08,11 02 01 ff ff 00 11 00 
813,接收,13:32:57:501,,0x1ceb56f4,数据帧,扩展帧,08,01 05 11 95 0c 94 f1 58 
814,接收,13:32:57:521,,0x1ceb56f4,数据帧,扩展帧,08,02 09 00 ff ff ff ff ff 
815,接收,13:32:57:521,,0x1cecf456,数据帧,扩展帧,08,13 09 00 02 ff 00 11 00 
816,接收,13:32:57:541,,0x181056f4,数据帧,扩展帧,05,c6 11 98 0d 02 
817,接收,13:32:57:561,,0x181356f4,数据帧,扩展帧,07,3f 54 0d 53 00 10 10 
818,接收,13:32:57:561,,0x1812f456,数据帧,扩展帧,07,1c 11 d8 0e 00 00 fc 
819,接收,13:32:57:621,,0x181056f4,数据帧,扩展帧,05,c6 11 98 0d 02 
820,接收,13:32:57:641,,0x1cec56f4,数据帧,扩展帧,08,10 09 00 02 ff 00 11 00 
821,接收,13:32:57:651,,0x1cecf456,数据帧,扩展帧,08,11 02 01 ff ff 00 11 00 
822,接收,13:32:57:661,,0x1ceb56f4,数据帧,扩展帧,08,01 05 11 95 0c 94 f1 58 
823,接收,13:32:57:681,,0x1ceb56f4,数据帧,扩展帧,08,02 09 00 ff ff ff ff ff 
824,接收,13:32:57:691,,0x1cecf456,数据帧,扩展帧,08,13 09 00 02 ff 00 11 00 
825,接收,13:32:57:701,,0x181056f4,数据帧,扩展帧,05,c6 11 98 0d 02 
826,接收,13:32:57:711,,0x1812f456,数据帧,扩展帧,07,1c 11 d8 0e 00 00 fc 
827,接收,13:32:57:721,,0x181356f4,数据帧,扩展帧,07,3f 54 0d 53 00 10 10 
828,接收,13:32:57:781,,0x181056f4,数据帧,扩展帧,05,c6 11 98 0d 02 
829,接收,13:32:57:801,,0x1cec56f4,数据帧,扩展帧,08,10 09 00 02 ff 00 11 00 
830,接收,13:32:57:811,,0x1cecf456,数据帧,扩展帧,08,11 02 01 ff ff 00 11 00 
831,接收,13:32:57:831,,0x1ceb56f4,数据帧,扩展帧,08,01 05 11 95 0c 94 f1 58 
832,接收,13:32:57:841,,0x1ceb56f4,数据帧,扩展帧,08,02 09 00 ff ff ff ff ff 
833,接收,13:32:57:861,,0x1cecf456,数据帧,扩展帧,08,13 09 00 02 ff 00 11 00 
834,接收,13:32:57:861,,0x1812f456,数据帧,扩展帧,07,1c 11 d8 0e 00 00 fc 
835,接收,13:32:57:861,,0x181056f4,数据帧,扩展帧,05,c6 11 98 0d 02 
836,接收,13:32:57:881,,0x181356f4,数据帧,扩展帧,07,3f 54 0d 53 00 10 10 
837,接收,13:32:57:961,,0x181056f4,数据帧,扩展帧,05,c6 11 98 0d 02 
838,接收,13:32:57:991,,0x1cec56f4,数据帧,扩展帧,08,10 09 00 02 ff 00 11 00 
839,接收,13:32:57:991,,0x1cecf456,数据帧,扩展帧,08,11 02 01 ff ff 00 11 00 
840,接收,13:32:58:011,,0x1ceb56f4,数据帧,扩展帧,08,01 05 11 95 0c 94 f1 58 
841,接收,13:32:58:021,,0x1ceb56f4,数据帧,扩展帧,08,02 09 00 ff ff ff ff ff 
842,接收,13:32:58:031,,0x1cecf456,数据帧,扩展帧,08,13 09 00 02 ff 00 11 00 
843,接收,13:32:58:041,,0x1812f456,数据帧,扩展帧,07,1c 11 d8 0e 00 00 fc 
844,接收,13:32:58:041,,0x181056f4,数据帧,扩展帧,05,c6 11 98 0d 02 
845,接收,13:32:58:071,,0x181356f4,数据帧,扩展帧,07,3f 54 0d 53 00 10 10 
846,接收,13:32:58:111,,0x181056f4,数据帧,扩展帧,05,c6 11 98 0d 02 
847,接收,13:32:58:121,,0x1cec56f4,数据帧,扩展帧,08,10 09 00 02 ff 00 11 00 
848,接收,13:32:58:131,,0x1cecf456,数据帧,扩展帧,08,11 02 01 ff ff 00 11 00 
849,接收,13:32:58:151,,0x1ceb56f4,数据帧,扩展帧,08,01 05 11 95 0c 94 f1 58 
850,接收,13:32:58:171,,0x1ceb56f4,数据帧,扩展帧,08,02 09 00 ff ff ff ff ff 
851,接收,13:32:58:171,,0x1cecf456,数据帧,扩展帧,08,13 09 00 02 ff 00 11 00 
852,接收,13:32:58:181,,0x1812f456,数据帧,扩展帧,07,1c 11 d8 0e 00 00 fc 
853,接收,13:32:58:181,,0x181056f4,数据帧,扩展帧,05,c6 11 98 0d 02 
854,接收,13:32:58:211,,0x181356f4,数据帧,扩展帧,07,3f 54 0d 53 00 10 10 
855,接收,13:32:58:291,,0x181056f4,数据帧,扩展帧,05,c6 11 98 0d 02 
856,接收,13:32:58:311,,0x1cec56f4,数据帧,扩展帧,08,10 09 00 02 ff 00 11 00 
857,接收,13:32:58:321,,0x1cecf456,数据帧,扩展帧,08,11 02 01 ff ff 00 11 00 
858,接收,13:32:58:331,,0x1ceb56f4,数据帧,扩展帧,08,01 05 11 95 0c 94 f1 58 
859,接收,13:32:58:351,,0x1ceb56f4,数据帧,扩展帧,08,02 09 00 ff ff ff ff ff 
860,接收,13:32:58:351,,0x1cecf456,数据帧,扩展帧,08,13 09 00 02 ff 00 11 00 
861,接收,13:32:58:371,,0x1812f456,数据帧,扩展帧,07,1c 11 d8 0e 00 00 fc 
862,接收,13:32:58:371,,0x181056f4,数据帧,扩展帧,05,c6 11 98 0d 02 
863,接收,13:32:58:391,,0x181356f4,数据帧,扩展帧,07,3f 54 0d 53 00 10 10 
864,接收,13:32:58:431,,0x181056f4,数据帧,扩展帧,05,c6 11 98 0d 02 
865,接收,13:32:58:471,,0x1cec56f4,数据帧,扩展帧,08,10 09 00 02 ff 00 11 00 
866,接收,13:32:58:481,,0x1cecf456,数据帧,扩展帧,08,11 02 01 ff ff 00 11 00 
867,接收,13:32:58:491,,0x1ceb56f4,数据帧,扩展帧,08,01 06 11 95 0c 94 f1 58 
868,接收,13:32:58:511,,0x1ceb56f4,数据帧,扩展帧,08,02 09 00 ff ff ff ff ff 
869,接收,13:32:58:511,,0x1cecf456,数据帧,扩展帧,08,13 09 00 02 ff 00 11 00 
870,接收,13:32:58:531,,0x181056f4,数据帧,扩展帧,05,c6 11 98 0d 02 
871,接收,13:32:58:551,,0x181356f4,数据帧,扩展帧,07,3f 54 0d 53 00 10 10 
872,接收,13:32:58:551,,0x1812f456,数据帧,扩展帧,07,1c 11 d8 0e 00 00 fc 
873,接收,13:32:58:611,,0x181056f4,数据帧,扩展帧,05,c6 11 98 0d 02 
874,接收,13:32:58:631,,0x1cec56f4,数据帧,扩展帧,08,10 09 00 02 ff 00 11 00 
875,接收,13:32:58:631,,0x1cecf456,数据帧,扩展帧,08,11 02 01 ff ff 00 11 00 
876,接收,13:32:58:651,,0x1ceb56f4,数据帧,扩展帧,08,01 06 11 95 0c 94 f1 58 
877,接收,13:32:58:671,,0x1ceb56f4,数据帧,扩展帧,08,02 09 00 ff ff ff ff ff 
878,接收,13:32:58:671,,0x1cecf456,数据帧,扩展帧,08,13 09 00 02 ff 00 11 00 
879,接收,13:32:58:691,,0x181056f4,数据帧,扩展帧,05,c6 11 98 0d 02 
880,接收,13:32:58:701,,0x1812f456,数据帧,扩展帧,07,1c 11 d8 0e 00 00 fc 
881,接收,13:32:58:711,,0x181356f4,数据帧,扩展帧,07,3f 54 0d 53 00 10 10 
882,接收,13:32:58:791,,0x181056f4,数据帧,扩展帧,05,c6 11 98 0d 02 
883,接收,13:32:58:811,,0x1cec56f4,数据帧,扩展帧,08,10 09 00 02 ff 00 11 00 
884,接收,13:32:58:811,,0x1cecf456,数据帧,扩展帧,08,11 02 01 ff ff 00 11 00 
885,接收,13:32:58:831,,0x1ceb56f4,数据帧,扩展帧,08,01 06 11 95 0c 94 f1 58 
886,接收,13:32:58:851,,0x1ceb56f4,数据帧,扩展帧,08,02 09 00 ff ff ff ff ff 
887,接收,13:32:58:861,,0x1cecf456,数据帧,扩展帧,08,13 09 00 02 ff 00 11 00 
888,接收,13:32:58:871,,0x181056f4,数据帧,扩展帧,05,c6 11 98 0d 02 
889,接收,13:32:58:881,,0x1812f456,数据帧,扩展帧,07,1c 11 d8 0e 00 00 fc 
890,接收,13:32:58:891,,0x181356f4,数据帧,扩展帧,07,3f 54 0d 53 00 10 10 
891,接收,13:32:58:931,,0x181056f4,数据帧,扩展帧,05,c6 11 98 0d 02 
892,接收,13:32:58:971,,0x081e56f4,数据帧,扩展帧,04,00 00 00 00 
893,接收,13:32:58:991,,0x081e56f4,数据帧,扩展帧,04,00 00 00 00 
894,接收,13:32:59:011,,0x081e56f4,数据帧,扩展帧,04,00 00 00 00 
895,接收,13:32:59:031,,0x101956f4,数据帧,扩展帧,04,00 00 00 00 
896,接收,13:32:59:051,,0x101956f4,数据帧,扩展帧,04,00 00 00 00 
897,接收,13:32:59:071,,0x101956f4,数据帧,扩展帧,04,00 00 00 00 
898,接收,13:32:59:091,,0x181c56f4,数据帧,扩展帧,08,58 92 01 95 01 53 54 ff 
899,接收,13:32:59:111,,0x181c56f4,数据帧,扩展帧,08,58 92 01 95 01 53 54 ff 
900,接收,13:32:59:131,,0x181c56f4,数据帧,扩展帧,08,58 92 01 95 01 53 54 ff 
